2026-07-12 22:53:36  INFO      src.scraping.db  Database ready at /home/ilker/repos/WebMiningProject/data/webmining.db
2026-07-12 22:53:38  INFO      src.scraping.x_config  Loaded 1 twscrape account(s) from env.
2026-07-12 22:53:38  INFO      src.scraping.x_crawler  Browser context ready with 2 cookies.
2026-07-12 22:53:38  INFO      src.scraping.x_crawler  Navigating to https://x.com/search?q=%24BP%20lang%3Aen%20min_faves%3A100%20since%3A2026-01-01&src=typed_query&f=live
2026-07-12 23:08:54  INFO      src.scraping.x_crawler  Scraped 217 tweets for query '$BP lang:en min_faves:100 since:2026-01-01'.
2026-07-12 23:09:02  INFO      src.scraping.x_crawler  New tweet 2076247676505493602 by @sol_nxxn (25100 followers) — JUP
2026-07-12 23:09:02  INFO      src.scraping.x_crawler  Fetching JUP prices [2026-07-12T09:39:55+00:00 → 2026-07-12T12:09:55+00:00] for tweet 2076247676505493602
2026-07-12 23:09:03  ERROR     yfinance  $JUP: possibly delisted; no price data found  (1m 2026-07-12 09:39:55+00:00 -> 2026-07-12 12:09:55+00:00)
2026-07-12 23:09:03  ERROR     yfinance  
1 Failed download:
2026-07-12 23:09:03  ERROR     yfinance  ['JUP']: possibly delisted; no price data found  (1m 2026-07-12 09:39:55+00:00 -> 2026-07-12 12:09:55+00:00)
2026-07-12 23:09:03  INFO      src.scraping.x_crawler  No price data for JUP — markets were closed during this window (2026-07-12 09:39 UTC, weekend).
2026-07-12 23:26:03  INFO      src.scraping.x_crawler  Navigating to https://x.com/search?q=%23BP%20lang%3Aen%20min_faves%3A100%20since%3A2026-01-01&src=typed_query&f=live
2026-07-12 23:39:44  INFO      src.scraping.x_crawler  Scraped 17 tweets for query '#BP lang:en min_faves:100 since:2026-01-01'.
2026-07-12 23:39:47  INFO      src.scraping.x_crawler  New tweet 2076156373197365523 by @LegendsNascar (28600 followers) — no cashtag
2026-07-12 23:40:16  INFO      src.scraping.x_crawler  Navigating to https://x.com/search?q=%23BPstock%20lang%3Aen%20min_faves%3A100%20since%3A2026-01-01&src=typed_query&f=live
2026-07-12 23:40:48  WARNING   src.scraping.x_crawler  No tweets loaded for query '#BPstock lang:en min_faves:100 since:2026-01-01'.
2026-07-12 23:40:48  WARNING   src.scraping.x_crawler  Page title: '(1) #BPstock lang:en min_faves:100 since:2026-01-01 - Search / X' | URL: https://x.com/search?q=%23BPstock%20lang%3Aen%20min_faves%3A100%20since%3A2026-01-01&src=typed_query&f=live
2026-07-12 23:40:48  WARNING   src.scraping.x_crawler  Screenshot saved to /tmp/x_debug.png
2026-07-12 23:40:48  INFO      src.scraping.x_crawler  Navigating to https://x.com/search?q=%23BPEarnings%20lang%3Aen%20min_faves%3A100%20since%3A2026-01-01&src=typed_query&f=live
2026-07-12 23:41:19  WARNING   src.scraping.x_crawler  No tweets loaded for query '#BPEarnings lang:en min_faves:100 since:2026-01-01'.
2026-07-12 23:41:19  WARNING   src.scraping.x_crawler  Page title: '(1) #BPEarnings lang:en min_faves:100 since:2026-01-01 - Search / X' | URL: https://x.com/search?q=%23BPEarnings%20lang%3Aen%20min_faves%3A100%20since%3A2026-01-01&src=typed_query&f=live
2026-07-12 23:41:19  WARNING   src.scraping.x_crawler  Screenshot saved to /tmp/x_debug.png
2026-07-12 23:41:19  INFO      src.scraping.x_crawler  Navigating to https://x.com/search?q=%23BritishPetroleum%20lang%3Aen%20min_faves%3A100%20since%3A2026-01-01&src=typed_query&f=live
2026-07-12 23:41:50  WARNING   src.scraping.x_crawler  No tweets loaded for query '#BritishPetroleum lang:en min_faves:100 since:2026-01-01'.
2026-07-12 23:41:50  WARNING   src.scraping.x_crawler  Page title: '(1) #BritishPetroleum lang:en min_faves:100 since:2026-01-01 - Search / X' | URL: https://x.com/search?q=%23BritishPetroleum%20lang%3Aen%20min_faves%3A100%20since%3A2026-01-01&src=typed_query&f=live
2026-07-12 23:41:50  WARNING   src.scraping.x_crawler  Screenshot saved to /tmp/x_debug.png
2026-07-12 23:41:50  INFO      src.scraping.x_crawler  Navigating to https://x.com/search?q=%24XOM%20lang%3Aen%20min_faves%3A100%20since%3A2026-01-01&src=typed_query&f=live
2026-07-12 23:56:11  INFO      src.scraping.x_crawler  Scraped 219 tweets for query '$XOM lang:en min_faves:100 since:2026-01-01'.
2026-07-12 23:56:13  INFO      src.scraping.x_crawler  New tweet 2075599194836897924 by @KarelMercx (36800 followers) — XOM
2026-07-12 23:56:14  INFO      src.scraping.x_crawler  Fetching XOM prices [2026-07-10T14:43:05+00:00 → 2026-07-10T17:13:05+00:00] for tweet 2075599194836897924
2026-07-12 23:56:14  INFO      src.scraping.x_crawler  Stored 149 price rows for tweet 2075599194836897924.
2026-07-13 00:14:34  INFO      src.scraping.x_crawler  Navigating to https://x.com/search?q=%23ExxonMobil%20lang%3Aen%20min_faves%3A100%20since%3A2026-01-01&src=typed_query&f=live
2026-07-13 00:28:06  INFO      src.scraping.x_crawler  Scraped 3 tweets for query '#ExxonMobil lang:en min_faves:100 since:2026-01-01'.
2026-07-13 00:28:15  INFO      src.scraping.x_crawler  Navigating to https://x.com/search?q=%23XOM%20lang%3Aen%20min_faves%3A100%20since%3A2026-01-01&src=typed_query&f=live
2026-07-13 00:41:37  INFO      src.scraping.x_crawler  Scraped 1 tweets for query '#XOM lang:en min_faves:100 since:2026-01-01'.
2026-07-13 00:41:40  INFO      src.scraping.x_crawler  Navigating to https://x.com/search?q=%23ExxonEarnings%20lang%3Aen%20min_faves%3A100%20since%3A2026-01-01&src=typed_query&f=live
2026-07-13 00:42:11  WARNING   src.scraping.x_crawler  No tweets loaded for query '#ExxonEarnings lang:en min_faves:100 since:2026-01-01'.
2026-07-13 00:42:11  WARNING   src.scraping.x_crawler  Page title: '(1) #ExxonEarnings lang:en min_faves:100 since:2026-01-01 - Search / X' | URL: https://x.com/search?q=%23ExxonEarnings%20lang%3Aen%20min_faves%3A100%20since%3A2026-01-01&src=typed_query&f=live
2026-07-13 00:42:11  WARNING   src.scraping.x_crawler  Screenshot saved to /tmp/x_debug.png
2026-07-13 00:42:11  INFO      src.scraping.x_crawler  Navigating to https://x.com/search?q=%24SHEL%20lang%3Aen%20min_faves%3A100%20since%3A2026-01-01&src=typed_query&f=live
2026-07-13 00:55:50  INFO      src.scraping.x_crawler  Scraped 10 tweets for query '$SHEL lang:en min_faves:100 since:2026-01-01'.
2026-07-13 00:56:13  INFO      src.scraping.x_crawler  Navigating to https://x.com/search?q=%23Shell%20lang%3Aen%20min_faves%3A100%20since%3A2026-01-01&src=typed_query&f=live
2026-07-13 01:09:38  INFO      src.scraping.x_crawler  Scraped 4 tweets for query '#Shell lang:en min_faves:100 since:2026-01-01'.
2026-07-13 01:09:49  INFO      src.scraping.x_crawler  Navigating to https://x.com/search?q=%23ShellStock%20lang%3Aen%20min_faves%3A100%20since%3A2026-01-01&src=typed_query&f=live
2026-07-13 01:10:20  WARNING   src.scraping.x_crawler  No tweets loaded for query '#ShellStock lang:en min_faves:100 since:2026-01-01'.
2026-07-13 01:10:20  WARNING   src.scraping.x_crawler  Page title: '(1) #ShellStock lang:en min_faves:100 since:2026-01-01 - Search / X' | URL: https://x.com/search?q=%23ShellStock%20lang%3Aen%20min_faves%3A100%20since%3A2026-01-01&src=typed_query&f=live
2026-07-13 01:10:20  WARNING   src.scraping.x_crawler  Screenshot saved to /tmp/x_debug.png
2026-07-13 01:10:20  INFO      src.scraping.x_crawler  Navigating to https://x.com/search?q=%23ShellEarnings%20lang%3Aen%20min_faves%3A100%20since%3A2026-01-01&src=typed_query&f=live
2026-07-13 01:10:52  WARNING   src.scraping.x_crawler  No tweets loaded for query '#ShellEarnings lang:en min_faves:100 since:2026-01-01'.
2026-07-13 01:10:52  WARNING   src.scraping.x_crawler  Page title: '(1) #ShellEarnings lang:en min_faves:100 since:2026-01-01 - Search / X' | URL: https://x.com/search?q=%23ShellEarnings%20lang%3Aen%20min_faves%3A100%20since%3A2026-01-01&src=typed_query&f=live
2026-07-13 01:10:52  WARNING   src.scraping.x_crawler  Screenshot saved to /tmp/x_debug.png
2026-07-13 01:10:52  INFO      src.scraping.x_crawler  Navigating to https://x.com/search?q=%24TTE%20lang%3Aen%20min_faves%3A100%20since%3A2026-01-01&src=typed_query&f=live
2026-07-13 01:23:46  INFO      src.scraping.x_crawler  Scraped 1 tweets for query '$TTE lang:en min_faves:100 since:2026-01-01'.
2026-07-13 01:23:48  INFO      src.scraping.x_crawler  Navigating to https://x.com/search?q=%23TotalEnergies%20lang%3Aen%20min_faves%3A100%20since%3A2026-01-01&src=typed_query&f=live
2026-07-13 01:37:31  INFO      src.scraping.x_crawler  Scraped 3 tweets for query '#TotalEnergies lang:en min_faves:100 since:2026-01-01'.
2026-07-13 01:37:38  INFO      src.scraping.x_crawler  Navigating to https://x.com/search?q=%23TotalEnergiesStock%20lang%3Aen%20min_faves%3A100%20since%3A2026-01-01&src=typed_query&f=live
2026-07-13 01:38:09  WARNING   src.scraping.x_crawler  No tweets loaded for query '#TotalEnergiesStock lang:en min_faves:100 since:2026-01-01'.
2026-07-13 01:38:09  WARNING   src.scraping.x_crawler  Page title: '(1) #TotalEnergiesStock lang:en min_faves:100 since:2026-01-01 - Search / X' | URL: https://x.com/search?q=%23TotalEnergiesStock%20lang%3Aen%20min_faves%3A100%20since%3A2026-01-01&src=typed_query&f=live
2026-07-13 01:38:09  WARNING   src.scraping.x_crawler  Screenshot saved to /tmp/x_debug.png
2026-07-13 01:38:09  INFO      src.scraping.x_crawler  Navigating to https://x.com/search?q=%23TotalEnergiesEarnings%20lang%3Aen%20min_faves%3A100%20since%3A2026-01-01&src=typed_query&f=live
2026-07-13 01:38:40  WARNING   src.scraping.x_crawler  No tweets loaded for query '#TotalEnergiesEarnings lang:en min_faves:100 since:2026-01-01'.
2026-07-13 01:38:40  WARNING   src.scraping.x_crawler  Page title: '(1) #TotalEnergiesEarnings lang:en min_faves:100 since:2026-01-01 - Search / X' | URL: https://x.com/search?q=%23TotalEnergiesEarnings%20lang%3Aen%20min_faves%3A100%20since%3A2026-01-01&src=typed_query&f=live
2026-07-13 01:38:40  WARNING   src.scraping.x_crawler  Screenshot saved to /tmp/x_debug.png
2026-07-13 01:38:40  INFO      src.scraping.x_crawler  Navigating to https://x.com/search?q=%24TTE%20lang%3Afr%20min_faves%3A100%20since%3A2026-01-01&src=typed_query&f=live
2026-07-13 01:52:18  INFO      src.scraping.x_crawler  Scraped 59 tweets for query '$TTE lang:fr min_faves:100 since:2026-01-01'.
2026-07-13 01:54:26  INFO      src.scraping.x_crawler  Navigating to https://x.com/search?q=%23TotalEnergies%20lang%3Afr%20min_faves%3A100%20since%3A2026-01-01&src=typed_query&f=live
2026-07-13 02:08:09  INFO      src.scraping.x_crawler  Scraped 12 tweets for query '#TotalEnergies lang:fr min_faves:100 since:2026-01-01'.
2026-07-13 02:08:38  INFO      src.scraping.x_crawler  Navigating to https://x.com/search?q=%24ENI%20lang%3Aen%20min_faves%3A100%20since%3A2026-01-01&src=typed_query&f=live
2026-07-13 02:09:09  WARNING   src.scraping.x_crawler  No tweets loaded for query '$ENI lang:en min_faves:100 since:2026-01-01'.
2026-07-13 02:09:09  WARNING   src.scraping.x_crawler  Page title: '(1) $ENI lang:en min_faves:100 since:2026-01-01 - Search / X' | URL: https://x.com/search?q=%24ENI%20lang%3Aen%20min_faves%3A100%20since%3A2026-01-01&src=typed_query&f=live
2026-07-13 02:09:09  WARNING   src.scraping.x_crawler  Screenshot saved to /tmp/x_debug.png
2026-07-13 02:09:09  INFO      src.scraping.x_crawler  Navigating to https://x.com/search?q=%23Eni%20lang%3Aen%20min_faves%3A100%20since%3A2026-01-01&src=typed_query&f=live
2026-07-13 02:22:58  INFO      src.scraping.x_crawler  Scraped 9 tweets for query '#Eni lang:en min_faves:100 since:2026-01-01'.
2026-07-13 02:23:05  INFO      src.scraping.x_crawler  Navigating to https://x.com/search?q=%23EniStock%20lang%3Aen%20min_faves%3A100%20since%3A2026-01-01&src=typed_query&f=live
2026-07-13 02:23:36  WARNING   src.scraping.x_crawler  No tweets loaded for query '#EniStock lang:en min_faves:100 since:2026-01-01'.
2026-07-13 02:23:36  WARNING   src.scraping.x_crawler  Page title: '(1) #EniStock lang:en min_faves:100 since:2026-01-01 - Search / X' | URL: https://x.com/search?q=%23EniStock%20lang%3Aen%20min_faves%3A100%20since%3A2026-01-01&src=typed_query&f=live
2026-07-13 02:23:36  WARNING   src.scraping.x_crawler  Screenshot saved to /tmp/x_debug.png
2026-07-13 02:23:36  INFO      src.scraping.x_crawler  Navigating to https://x.com/search?q=%23EniEarnings%20lang%3Aen%20min_faves%3A100%20since%3A2026-01-01&src=typed_query&f=live
2026-07-13 02:24:07  WARNING   src.scraping.x_crawler  No tweets loaded for query '#EniEarnings lang:en min_faves:100 since:2026-01-01'.
2026-07-13 02:24:07  WARNING   src.scraping.x_crawler  Page title: '(1) #EniEarnings lang:en min_faves:100 since:2026-01-01 - Search / X' | URL: https://x.com/search?q=%23EniEarnings%20lang%3Aen%20min_faves%3A100%20since%3A2026-01-01&src=typed_query&f=live
2026-07-13 02:24:07  WARNING   src.scraping.x_crawler  Screenshot saved to /tmp/x_debug.png
2026-07-13 02:24:07  INFO      src.scraping.x_crawler  Navigating to https://x.com/search?q=%24ENI%20lang%3Ait%20min_faves%3A100%20since%3A2026-01-01&src=typed_query&f=live
2026-07-13 02:24:38  WARNING   src.scraping.x_crawler  No tweets loaded for query '$ENI lang:it min_faves:100 since:2026-01-01'.
2026-07-13 02:24:38  WARNING   src.scraping.x_crawler  Page title: '(1) $ENI lang:it min_faves:100 since:2026-01-01 - Search / X' | URL: https://x.com/search?q=%24ENI%20lang%3Ait%20min_faves%3A100%20since%3A2026-01-01&src=typed_query&f=live
2026-07-13 02:24:39  WARNING   src.scraping.x_crawler  Screenshot saved to /tmp/x_debug.png
2026-07-13 02:24:39  INFO      src.scraping.x_crawler  Navigating to https://x.com/search?q=%23Eni%20lang%3Ait%20min_faves%3A100%20since%3A2026-01-01&src=typed_query&f=live
2026-07-13 02:38:29  INFO      src.scraping.x_crawler  Scraped 6 tweets for query '#Eni lang:it min_faves:100 since:2026-01-01'.
2026-07-13 02:38:42  INFO      src.scraping.x_crawler  Navigating to https://x.com/search?q=%23EniSpa%20lang%3Ait%20min_faves%3A100%20since%3A2026-01-01&src=typed_query&f=live
2026-07-13 02:39:13  WARNING   src.scraping.x_crawler  No tweets loaded for query '#EniSpa lang:it min_faves:100 since:2026-01-01'.
2026-07-13 02:39:13  WARNING   src.scraping.x_crawler  Page title: '(1) #EniSpa lang:it min_faves:100 since:2026-01-01 - Search / X' | URL: https://x.com/search?q=%23EniSpa%20lang%3Ait%20min_faves%3A100%20since%3A2026-01-01&src=typed_query&f=live
2026-07-13 02:39:13  WARNING   src.scraping.x_crawler  Screenshot saved to /tmp/x_debug.png
2026-07-13 02:39:13  INFO      src.scraping.x_crawler  Navigating to https://x.com/search?q=%23Daikin%20lang%3Aen%20min_faves%3A100%20since%3A2026-01-01&src=typed_query&f=live
2026-07-13 02:39:44  WARNING   src.scraping.x_crawler  No tweets loaded for query '#Daikin lang:en min_faves:100 since:2026-01-01'.
2026-07-13 02:39:44  WARNING   src.scraping.x_crawler  Page title: '(1) #Daikin lang:en min_faves:100 since:2026-01-01 - Search / X' | URL: https://x.com/search?q=%23Daikin%20lang%3Aen%20min_faves%3A100%20since%3A2026-01-01&src=typed_query&f=live
2026-07-13 02:39:44  WARNING   src.scraping.x_crawler  Screenshot saved to /tmp/x_debug.png
2026-07-13 02:39:44  INFO      src.scraping.x_crawler  Navigating to https://x.com/search?q=%23DaikinStock%20lang%3Aen%20min_faves%3A100%20since%3A2026-01-01&src=typed_query&f=live
2026-07-13 02:40:15  WARNING   src.scraping.x_crawler  No tweets loaded for query '#DaikinStock lang:en min_faves:100 since:2026-01-01'.
2026-07-13 02:40:15  WARNING   src.scraping.x_crawler  Page title: '(1) #DaikinStock lang:en min_faves:100 since:2026-01-01 - Search / X' | URL: https://x.com/search?q=%23DaikinStock%20lang%3Aen%20min_faves%3A100%20since%3A2026-01-01&src=typed_query&f=live
2026-07-13 02:40:16  WARNING   src.scraping.x_crawler  Screenshot saved to /tmp/x_debug.png
2026-07-13 02:40:16  INFO      src.scraping.x_crawler  Navigating to https://x.com/search?q=%23DaikinHeatPump%20lang%3Aen%20min_faves%3A100%20since%3A2026-01-01&src=typed_query&f=live
2026-07-13 02:40:47  WARNING   src.scraping.x_crawler  No tweets loaded for query '#DaikinHeatPump lang:en min_faves:100 since:2026-01-01'.
2026-07-13 02:40:47  WARNING   src.scraping.x_crawler  Page title: '(1) #DaikinHeatPump lang:en min_faves:100 since:2026-01-01 - Search / X' | URL: https://x.com/search?q=%23DaikinHeatPump%20lang%3Aen%20min_faves%3A100%20since%3A2026-01-01&src=typed_query&f=live
2026-07-13 02:40:47  WARNING   src.scraping.x_crawler  Screenshot saved to /tmp/x_debug.png
2026-07-13 02:40:47  INFO      src.scraping.x_crawler  Navigating to https://x.com/search?q=%23Daikin%20lang%3Aja%20min_faves%3A100%20since%3A2026-01-01&src=typed_query&f=live
2026-07-13 02:54:17  INFO      src.scraping.x_crawler  Scraped 3 tweets for query '#Daikin lang:ja min_faves:100 since:2026-01-01'.
2026-07-13 02:54:24  INFO      src.scraping.x_crawler  Navigating to https://x.com/search?q=%23%E3%83%80%E3%82%A4%E3%82%AD%E3%83%B3%20lang%3Aja%20min_faves%3A100%20since%3A2026-01-01&src=typed_query&f=live
2026-07-13 03:07:49  INFO      src.scraping.x_crawler  Scraped 48 tweets for query '#ダイキン lang:ja min_faves:100 since:2026-01-01'.
2026-07-13 03:07:55  INFO      src.scraping.x_crawler  New tweet 2075161630829416494 by @ALVARK_TOKYO (153200 followers) — no cashtag
2026-07-13 03:09:37  INFO      src.scraping.x_crawler  Navigating to https://x.com/search?q=%23NIBE%20lang%3Aen%20min_faves%3A100%20since%3A2026-01-01&src=typed_query&f=live
2026-07-13 03:23:03  INFO      src.scraping.x_crawler  Scraped 12 tweets for query '#NIBE lang:en min_faves:100 since:2026-01-01'.
2026-07-13 03:23:06  INFO      src.scraping.x_crawler  New tweet 2075144904477663272 by @DefTRAC_IN (332 followers) — no cashtag
2026-07-13 03:23:30  INFO      src.scraping.x_crawler  Navigating to https://x.com/search?q=%23NIBEStock%20lang%3Aen%20min_faves%3A100%20since%3A2026-01-01&src=typed_query&f=live
2026-07-13 03:24:01  WARNING   src.scraping.x_crawler  No tweets loaded for query '#NIBEStock lang:en min_faves:100 since:2026-01-01'.
2026-07-13 03:24:01  WARNING   src.scraping.x_crawler  Page title: '(1) #NIBEStock lang:en min_faves:100 since:2026-01-01 - Search / X' | URL: https://x.com/search?q=%23NIBEStock%20lang%3Aen%20min_faves%3A100%20since%3A2026-01-01&src=typed_query&f=live
2026-07-13 03:24:01  WARNING   src.scraping.x_crawler  Screenshot saved to /tmp/x_debug.png
2026-07-13 03:24:01  INFO      src.scraping.x_crawler  Navigating to https://x.com/search?q=%23NIBEHeatPump%20lang%3Aen%20min_faves%3A100%20since%3A2026-01-01&src=typed_query&f=live
2026-07-13 03:24:32  WARNING   src.scraping.x_crawler  No tweets loaded for query '#NIBEHeatPump lang:en min_faves:100 since:2026-01-01'.
2026-07-13 03:24:32  WARNING   src.scraping.x_crawler  Page title: '(1) #NIBEHeatPump lang:en min_faves:100 since:2026-01-01 - Search / X' | URL: https://x.com/search?q=%23NIBEHeatPump%20lang%3Aen%20min_faves%3A100%20since%3A2026-01-01&src=typed_query&f=live
2026-07-13 03:24:32  WARNING   src.scraping.x_crawler  Screenshot saved to /tmp/x_debug.png
2026-07-13 03:24:32  INFO      src.scraping.x_crawler  Navigating to https://x.com/search?q=%23NIBE%20lang%3Asv%20min_faves%3A100%20since%3A2026-01-01&src=typed_query&f=live
2026-07-13 03:25:03  WARNING   src.scraping.x_crawler  No tweets loaded for query '#NIBE lang:sv min_faves:100 since:2026-01-01'.
2026-07-13 03:25:03  WARNING   src.scraping.x_crawler  Page title: '(1) #NIBE lang:sv min_faves:100 since:2026-01-01 - Search / X' | URL: https://x.com/search?q=%23NIBE%20lang%3Asv%20min_faves%3A100%20since%3A2026-01-01&src=typed_query&f=live
2026-07-13 03:25:04  WARNING   src.scraping.x_crawler  Screenshot saved to /tmp/x_debug.png
2026-07-13 03:25:04  INFO      src.scraping.x_crawler  Navigating to https://x.com/search?q=%23NIBE%20lang%3Ade%20min_faves%3A100%20since%3A2026-01-01&src=typed_query&f=live
2026-07-13 03:25:35  WARNING   src.scraping.x_crawler  No tweets loaded for query '#NIBE lang:de min_faves:100 since:2026-01-01'.
2026-07-13 03:25:35  WARNING   src.scraping.x_crawler  Page title: '(1) #NIBE lang:de min_faves:100 since:2026-01-01 - Search / X' | URL: https://x.com/search?q=%23NIBE%20lang%3Ade%20min_faves%3A100%20since%3A2026-01-01&src=typed_query&f=live
2026-07-13 03:25:35  WARNING   src.scraping.x_crawler  Screenshot saved to /tmp/x_debug.png
2026-07-13 03:25:35  INFO      src.scraping.x_crawler  Navigating to https://x.com/search?q=%23NIBEW%C3%A4rmepumpe%20lang%3Ade%20min_faves%3A100%20since%3A2026-01-01&src=typed_query&f=live
2026-07-13 03:26:06  WARNING   src.scraping.x_crawler  No tweets loaded for query '#NIBEWärmepumpe lang:de min_faves:100 since:2026-01-01'.
2026-07-13 03:26:06  WARNING   src.scraping.x_crawler  Page title: '(1) #NIBEWärmepumpe lang:de min_faves:100 since:2026-01-01 - Search / X' | URL: https://x.com/search?q=%23NIBEW%C3%A4rmepumpe%20lang%3Ade%20min_faves%3A100%20since%3A2026-01-01&src=typed_query&f=live
2026-07-13 03:26:06  WARNING   src.scraping.x_crawler  Screenshot saved to /tmp/x_debug.png
2026-07-13 03:26:06  INFO      src.scraping.x_crawler  Navigating to https://x.com/search?q=%24CARR%20lang%3Aen%20min_faves%3A100%20since%3A2026-01-01&src=typed_query&f=live
2026-07-13 03:39:57  INFO      src.scraping.x_crawler  Scraped 52 tweets for query '$CARR lang:en min_faves:100 since:2026-01-01'.
2026-07-13 03:39:59  INFO      src.scraping.x_crawler  New tweet 2075422097451397293 by @EinsteinBTC1 (310500 followers) — CARR
2026-07-13 03:39:59  INFO      src.scraping.x_crawler  Fetching CARR prices [2026-07-10T02:59:22+00:00 → 2026-07-10T05:29:22+00:00] for tweet 2075422097451397293
2026-07-13 03:40:00  ERROR     yfinance  $CARR: possibly delisted; no price data found  (1m 2026-07-10 02:59:22+00:00 -> 2026-07-10 05:29:22+00:00)
2026-07-13 03:40:00  ERROR     yfinance  
1 Failed download:
2026-07-13 03:40:00  ERROR     yfinance  ['CARR']: possibly delisted; no price data found  (1m 2026-07-10 02:59:22+00:00 -> 2026-07-10 05:29:22+00:00)
2026-07-13 03:40:00  INFO      src.scraping.x_crawler  No price data for CARR — markets were closed during this window (2026-07-10 02:59 UTC, outside trading hours (NYSE 09:30–16:00 ET)).
2026-07-13 03:41:46  INFO      src.scraping.x_crawler  Navigating to https://x.com/search?q=%23CarrierGlobal%20lang%3Aen%20min_faves%3A100%20since%3A2026-01-01&src=typed_query&f=live
2026-07-13 03:42:17  WARNING   src.scraping.x_crawler  No tweets loaded for query '#CarrierGlobal lang:en min_faves:100 since:2026-01-01'.
2026-07-13 03:42:17  WARNING   src.scraping.x_crawler  Page title: '(1) #CarrierGlobal lang:en min_faves:100 since:2026-01-01 - Search / X' | URL: https://x.com/search?q=%23CarrierGlobal%20lang%3Aen%20min_faves%3A100%20since%3A2026-01-01&src=typed_query&f=live
2026-07-13 03:42:17  WARNING   src.scraping.x_crawler  Screenshot saved to /tmp/x_debug.png
2026-07-13 03:42:17  INFO      src.scraping.x_crawler  Navigating to https://x.com/search?q=%23CARR%20lang%3Aen%20min_faves%3A100%20since%3A2026-01-01&src=typed_query&f=live
2026-07-13 03:55:21  INFO      src.scraping.x_crawler  Scraped 2 tweets for query '#CARR lang:en min_faves:100 since:2026-01-01'.
2026-07-13 03:55:26  INFO      src.scraping.x_crawler  Navigating to https://x.com/search?q=%23Viessmann%20lang%3Aen%20min_faves%3A100%20since%3A2026-01-01&src=typed_query&f=live
2026-07-13 03:55:57  WARNING   src.scraping.x_crawler  No tweets loaded for query '#Viessmann lang:en min_faves:100 since:2026-01-01'.
2026-07-13 03:55:57  WARNING   src.scraping.x_crawler  Page title: '(1) #Viessmann lang:en min_faves:100 since:2026-01-01 - Search / X' | URL: https://x.com/search?q=%23Viessmann%20lang%3Aen%20min_faves%3A100%20since%3A2026-01-01&src=typed_query&f=live
2026-07-13 03:55:58  WARNING   src.scraping.x_crawler  Screenshot saved to /tmp/x_debug.png
2026-07-13 03:55:58  INFO      src.scraping.x_crawler  Navigating to https://x.com/search?q=%23ViessmannHeatPump%20lang%3Aen%20min_faves%3A100%20since%3A2026-01-01&src=typed_query&f=live
2026-07-13 03:56:29  WARNING   src.scraping.x_crawler  No tweets loaded for query '#ViessmannHeatPump lang:en min_faves:100 since:2026-01-01'.
2026-07-13 03:56:29  WARNING   src.scraping.x_crawler  Page title: '(1) #ViessmannHeatPump lang:en min_faves:100 since:2026-01-01 - Search / X' | URL: https://x.com/search?q=%23ViessmannHeatPump%20lang%3Aen%20min_faves%3A100%20since%3A2026-01-01&src=typed_query&f=live
2026-07-13 03:56:29  WARNING   src.scraping.x_crawler  Screenshot saved to /tmp/x_debug.png
2026-07-13 03:56:29  INFO      src.scraping.x_crawler  Navigating to https://x.com/search?q=%23Viessmann%20lang%3Ade%20min_faves%3A100%20since%3A2026-01-01&src=typed_query&f=live
2026-07-13 03:57:00  WARNING   src.scraping.x_crawler  No tweets loaded for query '#Viessmann lang:de min_faves:100 since:2026-01-01'.
2026-07-13 03:57:00  WARNING   src.scraping.x_crawler  Page title: '(1) #Viessmann lang:de min_faves:100 since:2026-01-01 - Search / X' | URL: https://x.com/search?q=%23Viessmann%20lang%3Ade%20min_faves%3A100%20since%3A2026-01-01&src=typed_query&f=live
2026-07-13 03:57:00  WARNING   src.scraping.x_crawler  Screenshot saved to /tmp/x_debug.png
2026-07-13 03:57:00  INFO      src.scraping.x_crawler  Navigating to https://x.com/search?q=%23ViessmannW%C3%A4rmepumpe%20lang%3Ade%20min_faves%3A100%20since%3A2026-01-01&src=typed_query&f=live
2026-07-13 03:57:30  WARNING   src.scraping.x_crawler  No tweets loaded for query '#ViessmannWärmepumpe lang:de min_faves:100 since:2026-01-01'.
2026-07-13 03:57:30  WARNING   src.scraping.x_crawler  Page title: '(1) #ViessmannWärmepumpe lang:de min_faves:100 since:2026-01-01 - Search / X' | URL: https://x.com/search?q=%23ViessmannW%C3%A4rmepumpe%20lang%3Ade%20min_faves%3A100%20since%3A2026-01-01&src=typed_query&f=live
2026-07-13 03:57:30  WARNING   src.scraping.x_crawler  Screenshot saved to /tmp/x_debug.png
2026-07-13 03:57:30  INFO      src.scraping.x_crawler  Navigating to https://x.com/search?q=%23Vaillant%20lang%3Aen%20min_faves%3A100%20since%3A2026-01-01&src=typed_query&f=live
2026-07-13 04:10:41  INFO      src.scraping.x_crawler  Scraped 1 tweets for query '#Vaillant lang:en min_faves:100 since:2026-01-01'.
2026-07-13 04:10:43  INFO      src.scraping.x_crawler  Navigating to https://x.com/search?q=%23VaillantHeatPump%20lang%3Aen%20min_faves%3A100%20since%3A2026-01-01&src=typed_query&f=live
2026-07-13 04:11:14  WARNING   src.scraping.x_crawler  No tweets loaded for query '#VaillantHeatPump lang:en min_faves:100 since:2026-01-01'.
2026-07-13 04:11:14  WARNING   src.scraping.x_crawler  Page title: '(1) #VaillantHeatPump lang:en min_faves:100 since:2026-01-01 - Search / X' | URL: https://x.com/search?q=%23VaillantHeatPump%20lang%3Aen%20min_faves%3A100%20since%3A2026-01-01&src=typed_query&f=live
2026-07-13 04:11:14  WARNING   src.scraping.x_crawler  Screenshot saved to /tmp/x_debug.png
2026-07-13 04:11:14  INFO      src.scraping.x_crawler  Navigating to https://x.com/search?q=%23MitsubishiElectric%20lang%3Aen%20min_faves%3A100%20since%3A2026-01-01&src=typed_query&f=live
2026-07-13 04:24:25  INFO      src.scraping.x_crawler  Scraped 2 tweets for query '#MitsubishiElectric lang:en min_faves:100 since:2026-01-01'.
2026-07-13 04:24:30  INFO      src.scraping.x_crawler  Navigating to https://x.com/search?q=%23Ecodan%20lang%3Aen%20min_faves%3A100%20since%3A2026-01-01&src=typed_query&f=live
2026-07-13 04:25:01  WARNING   src.scraping.x_crawler  No tweets loaded for query '#Ecodan lang:en min_faves:100 since:2026-01-01'.
2026-07-13 04:25:01  WARNING   src.scraping.x_crawler  Page title: '(1) #Ecodan lang:en min_faves:100 since:2026-01-01 - Search / X' | URL: https://x.com/search?q=%23Ecodan%20lang%3Aen%20min_faves%3A100%20since%3A2026-01-01&src=typed_query&f=live
2026-07-13 04:25:01  WARNING   src.scraping.x_crawler  Screenshot saved to /tmp/x_debug.png
2026-07-13 04:25:01  INFO      src.scraping.x_crawler  Navigating to https://x.com/search?q=%23MitsubishiElectric%20lang%3Aja%20min_faves%3A100%20since%3A2026-01-01&src=typed_query&f=live
2026-07-13 04:38:11  INFO      src.scraping.x_crawler  Scraped 1 tweets for query '#MitsubishiElectric lang:ja min_faves:100 since:2026-01-01'.
2026-07-13 04:38:14  INFO      src.scraping.x_crawler  Navigating to https://x.com/search?q=%23%E4%B8%89%E8%8F%B1%E9%9B%BB%E6%A9%9F%20lang%3Aja%20min_faves%3A100%20since%3A2026-01-01&src=typed_query&f=live
2026-07-13 04:51:50  INFO      src.scraping.x_crawler  Scraped 60 tweets for query '#三菱電機 lang:ja min_faves:100 since:2026-01-01'.
2026-07-13 04:51:52  INFO      src.scraping.x_crawler  New tweet 2075505310576582891 by @Sports__ME (18400 followers) — no cashtag
2026-07-13 04:54:02  INFO      src.scraping.x_crawler  Navigating to https://x.com/search?q=%24TSLA%20lang%3Aen%20min_faves%3A100%20since%3A2026-01-01&src=typed_query&f=live
2026-07-13 05:08:54  INFO      src.scraping.x_crawler  Scraped 309 tweets for query '$TSLA lang:en min_faves:100 since:2026-01-01'.
2026-07-13 05:08:56  INFO      src.scraping.x_crawler  New tweet 2076445333748347074 by @squawksquare (121200 followers) — no cashtag
2026-07-13 05:08:58  INFO      src.scraping.x_crawler  New tweet 2076416696781279235 by @PBInvesting (186200 followers) — TSLA
2026-07-13 05:08:58  INFO      src.scraping.x_crawler  Fetching TSLA prices [2026-07-12T20:51:33+00:00 → 2026-07-12T23:21:33+00:00] for tweet 2076416696781279235
2026-07-13 05:08:59  ERROR     yfinance  $TSLA: possibly delisted; no price data found  (1m 2026-07-12 20:51:33+00:00 -> 2026-07-12 23:21:33+00:00)
2026-07-13 05:08:59  ERROR     yfinance  
1 Failed download:
2026-07-13 05:08:59  ERROR     yfinance  ['TSLA']: possibly delisted; no price data found  (1m 2026-07-12 20:51:33+00:00 -> 2026-07-12 23:21:33+00:00)
2026-07-13 05:08:59  INFO      src.scraping.x_crawler  No price data for TSLA — markets were closed during this window (2026-07-12 20:51 UTC, weekend).
2026-07-13 05:09:01  INFO      src.scraping.x_crawler  New tweet 2076412316837699807 by @Tslachan (66900 followers) — TSLA
2026-07-13 05:09:01  INFO      src.scraping.x_crawler  Fetching TSLA prices [2026-07-12T20:34:08+00:00 → 2026-07-12T23:04:08+00:00] for tweet 2076412316837699807
2026-07-13 05:09:01  ERROR     yfinance  $TSLA: possibly delisted; no price data found  (1m 2026-07-12 20:34:08+00:00 -> 2026-07-12 23:04:08+00:00)
2026-07-13 05:09:01  ERROR     yfinance  
1 Failed download:
2026-07-13 05:09:01  ERROR     yfinance  ['TSLA']: possibly delisted; no price data found  (1m 2026-07-12 20:34:08+00:00 -> 2026-07-12 23:04:08+00:00)
2026-07-13 05:09:01  INFO      src.scraping.x_crawler  No price data for TSLA — markets were closed during this window (2026-07-12 20:34 UTC, weekend).
2026-07-13 05:09:03  INFO      src.scraping.x_crawler  New tweet 2076400633738043393 by @TeslaBoomerMama (241500 followers) — SPCX
2026-07-13 05:09:03  INFO      src.scraping.x_crawler  Fetching SPCX prices [2026-07-12T19:47:43+00:00 → 2026-07-12T22:17:43+00:00] for tweet 2076400633738043393
2026-07-13 05:09:04  ERROR     yfinance  $SPCX: possibly delisted; no price data found  (1m 2026-07-12 19:47:43+00:00 -> 2026-07-12 22:17:43+00:00)
2026-07-13 05:09:04  ERROR     yfinance  
1 Failed download:
2026-07-13 05:09:04  ERROR     yfinance  ['SPCX']: possibly delisted; no price data found  (1m 2026-07-12 19:47:43+00:00 -> 2026-07-12 22:17:43+00:00)
2026-07-13 05:09:04  INFO      src.scraping.x_crawler  No price data for SPCX — markets were closed during this window (2026-07-12 19:47 UTC, weekend).
2026-07-13 05:09:06  INFO      src.scraping.x_crawler  New tweet 2076396689754120625 by @gbrulte (2894 followers) — TSLA
2026-07-13 05:09:06  INFO      src.scraping.x_crawler  Fetching TSLA prices [2026-07-12T19:32:03+00:00 → 2026-07-12T22:02:03+00:00] for tweet 2076396689754120625
2026-07-13 05:09:06  ERROR     yfinance  $TSLA: possibly delisted; no price data found  (1m 2026-07-12 19:32:03+00:00 -> 2026-07-12 22:02:03+00:00)
2026-07-13 05:09:06  ERROR     yfinance  
1 Failed download:
2026-07-13 05:09:06  ERROR     yfinance  ['TSLA']: possibly delisted; no price data found  (1m 2026-07-12 19:32:03+00:00 -> 2026-07-12 22:02:03+00:00)
2026-07-13 05:09:06  INFO      src.scraping.x_crawler  No price data for TSLA — markets were closed during this window (2026-07-12 19:32 UTC, weekend).
2026-07-13 05:09:08  INFO      src.scraping.x_crawler  New tweet 2076373702220922958 by @moregainzs (1219 followers) — no cashtag
2026-07-13 05:09:10  INFO      src.scraping.x_crawler  New tweet 2076363803663716642 by @GrindeOptions (53900 followers) — TSLA
2026-07-13 05:09:10  INFO      src.scraping.x_crawler  Fetching TSLA prices [2026-07-12T17:21:22+00:00 → 2026-07-12T19:51:22+00:00] for tweet 2076363803663716642
2026-07-13 05:09:10  ERROR     yfinance  $TSLA: possibly delisted; no price data found  (1m 2026-07-12 17:21:22+00:00 -> 2026-07-12 19:51:22+00:00)
2026-07-13 05:09:10  ERROR     yfinance  
1 Failed download:
2026-07-13 05:09:10  ERROR     yfinance  ['TSLA']: possibly delisted; no price data found  (1m 2026-07-12 17:21:22+00:00 -> 2026-07-12 19:51:22+00:00)
2026-07-13 05:09:10  INFO      src.scraping.x_crawler  No price data for TSLA — markets were closed during this window (2026-07-12 17:21 UTC, weekend).
2026-07-13 05:09:13  INFO      src.scraping.x_crawler  New tweet 2076354661032804635 by @korinek_trades (37300 followers) — TSLA
2026-07-13 05:09:13  INFO      src.scraping.x_crawler  Fetching TSLA prices [2026-07-12T16:45:02+00:00 → 2026-07-12T19:15:02+00:00] for tweet 2076354661032804635
2026-07-13 05:09:13  ERROR     yfinance  $TSLA: possibly delisted; no price data found  (1m 2026-07-12 16:45:02+00:00 -> 2026-07-12 19:15:02+00:00)
2026-07-13 05:09:13  ERROR     yfinance  
1 Failed download:
2026-07-13 05:09:13  ERROR     yfinance  ['TSLA']: possibly delisted; no price data found  (1m 2026-07-12 16:45:02+00:00 -> 2026-07-12 19:15:02+00:00)
2026-07-13 05:09:13  INFO      src.scraping.x_crawler  No price data for TSLA — markets were closed during this window (2026-07-12 16:45 UTC, weekend).
2026-07-13 05:09:15  INFO      src.scraping.x_crawler  New tweet 2076344247570272479 by @Tslachan (66900 followers) — TSLA
2026-07-13 05:09:15  INFO      src.scraping.x_crawler  Fetching TSLA prices [2026-07-12T16:03:39+00:00 → 2026-07-12T18:33:39+00:00] for tweet 2076344247570272479
2026-07-13 05:09:15  ERROR     yfinance  $TSLA: possibly delisted; no price data found  (1m 2026-07-12 16:03:39+00:00 -> 2026-07-12 18:33:39+00:00)
2026-07-13 05:09:15  ERROR     yfinance  
1 Failed download:
2026-07-13 05:09:15  ERROR     yfinance  ['TSLA']: possibly delisted; no price data found  (1m 2026-07-12 16:03:39+00:00 -> 2026-07-12 18:33:39+00:00)
2026-07-13 05:09:15  INFO      src.scraping.x_crawler  No price data for TSLA — markets were closed during this window (2026-07-12 16:03 UTC, weekend).
2026-07-13 05:09:17  INFO      src.scraping.x_crawler  New tweet 2076339911733526720 by @BoBbyPleWniaK (21200 followers) — TSLA
2026-07-13 05:09:17  INFO      src.scraping.x_crawler  Fetching TSLA prices [2026-07-12T15:46:26+00:00 → 2026-07-12T18:16:26+00:00] for tweet 2076339911733526720
2026-07-13 05:09:17  ERROR     yfinance  $TSLA: possibly delisted; no price data found  (1m 2026-07-12 15:46:26+00:00 -> 2026-07-12 18:16:26+00:00)
2026-07-13 05:09:17  ERROR     yfinance  
1 Failed download:
2026-07-13 05:09:17  ERROR     yfinance  ['TSLA']: possibly delisted; no price data found  (1m 2026-07-12 15:46:26+00:00 -> 2026-07-12 18:16:26+00:00)
2026-07-13 05:09:17  INFO      src.scraping.x_crawler  No price data for TSLA — markets were closed during this window (2026-07-12 15:46 UTC, weekend).
2026-07-13 05:09:20  INFO      src.scraping.x_crawler  New tweet 2076320978498384198 by @EvasTeslaSPlaid (140600 followers) — TSLA
2026-07-13 05:09:20  INFO      src.scraping.x_crawler  Fetching TSLA prices [2026-07-12T14:31:12+00:00 → 2026-07-12T17:01:12+00:00] for tweet 2076320978498384198
2026-07-13 05:09:20  ERROR     yfinance  $TSLA: possibly delisted; no price data found  (1m 2026-07-12 14:31:12+00:00 -> 2026-07-12 17:01:12+00:00)
2026-07-13 05:09:20  ERROR     yfinance  
1 Failed download:
2026-07-13 05:09:20  ERROR     yfinance  ['TSLA']: possibly delisted; no price data found  (1m 2026-07-12 14:31:12+00:00 -> 2026-07-12 17:01:12+00:00)
2026-07-13 05:09:20  INFO      src.scraping.x_crawler  No price data for TSLA — markets were closed during this window (2026-07-12 14:31 UTC, weekend).
2026-07-13 05:09:22  INFO      src.scraping.x_crawler  New tweet 2076312120820379972 by @WealthCoachMak (45400 followers) — NVDA
2026-07-13 05:09:22  INFO      src.scraping.x_crawler  Fetching NVDA prices [2026-07-12T13:56:00+00:00 → 2026-07-12T16:26:00+00:00] for tweet 2076312120820379972
2026-07-13 05:09:22  ERROR     yfinance  $NVDA: possibly delisted; no price data found  (1m 2026-07-12 13:56:00+00:00 -> 2026-07-12 16:26:00+00:00)
2026-07-13 05:09:22  ERROR     yfinance  
1 Failed download:
2026-07-13 05:09:22  ERROR     yfinance  ['NVDA']: possibly delisted; no price data found  (1m 2026-07-12 13:56:00+00:00 -> 2026-07-12 16:26:00+00:00)
2026-07-13 05:09:22  INFO      src.scraping.x_crawler  No price data for NVDA — markets were closed during this window (2026-07-12 13:56 UTC, weekend).
2026-07-13 05:09:24  INFO      src.scraping.x_crawler  New tweet 2076300795990114717 by @Jake__Wujastyk (399900 followers) — TSLA
2026-07-13 05:09:24  INFO      src.scraping.x_crawler  Fetching TSLA prices [2026-07-12T13:11:00+00:00 → 2026-07-12T15:41:00+00:00] for tweet 2076300795990114717
2026-07-13 05:09:24  ERROR     yfinance  $TSLA: possibly delisted; no price data found  (1m 2026-07-12 13:11:00+00:00 -> 2026-07-12 15:41:00+00:00)
2026-07-13 05:09:24  ERROR     yfinance  
1 Failed download:
2026-07-13 05:09:24  ERROR     yfinance  ['TSLA']: possibly delisted; no price data found  (1m 2026-07-12 13:11:00+00:00 -> 2026-07-12 15:41:00+00:00)
2026-07-13 05:09:24  INFO      src.scraping.x_crawler  No price data for TSLA — markets were closed during this window (2026-07-12 13:11 UTC, weekend).
2026-07-13 05:09:27  INFO      src.scraping.x_crawler  New tweet 2076295393281769505 by @CuriousPejjy (31300 followers) — TSLA
2026-07-13 05:09:27  INFO      src.scraping.x_crawler  Fetching TSLA prices [2026-07-12T12:49:32+00:00 → 2026-07-12T15:19:32+00:00] for tweet 2076295393281769505
2026-07-13 05:09:28  ERROR     yfinance  $TSLA: possibly delisted; no price data found  (1m 2026-07-12 12:49:32+00:00 -> 2026-07-12 15:19:32+00:00)
2026-07-13 05:09:28  ERROR     yfinance  
1 Failed download:
2026-07-13 05:09:28  ERROR     yfinance  ['TSLA']: possibly delisted; no price data found  (1m 2026-07-12 12:49:32+00:00 -> 2026-07-12 15:19:32+00:00)
2026-07-13 05:09:28  INFO      src.scraping.x_crawler  No price data for TSLA — markets were closed during this window (2026-07-12 12:49 UTC, weekend).
2026-07-13 05:09:30  INFO      src.scraping.x_crawler  New tweet 2076293344712360166 by @CuriousPejjy (31300 followers) — TSLA
2026-07-13 05:09:30  INFO      src.scraping.x_crawler  Fetching TSLA prices [2026-07-12T12:41:23+00:00 → 2026-07-12T15:11:23+00:00] for tweet 2076293344712360166
2026-07-13 05:09:30  ERROR     yfinance  $TSLA: possibly delisted; no price data found  (1m 2026-07-12 12:41:23+00:00 -> 2026-07-12 15:11:23+00:00)
2026-07-13 05:09:30  ERROR     yfinance  
1 Failed download:
2026-07-13 05:09:30  ERROR     yfinance  ['TSLA']: possibly delisted; no price data found  (1m 2026-07-12 12:41:23+00:00 -> 2026-07-12 15:11:23+00:00)
2026-07-13 05:09:30  INFO      src.scraping.x_crawler  No price data for TSLA — markets were closed during this window (2026-07-12 12:41 UTC, weekend).
2026-07-13 05:09:32  INFO      src.scraping.x_crawler  New tweet 2076276623293448276 by @StockSavvyShay (428800 followers) — TSLA
2026-07-13 05:09:32  INFO      src.scraping.x_crawler  Fetching TSLA prices [2026-07-12T11:34:57+00:00 → 2026-07-12T14:04:57+00:00] for tweet 2076276623293448276
2026-07-13 05:09:32  ERROR     yfinance  $TSLA: possibly delisted; no price data found  (1m 2026-07-12 11:34:57+00:00 -> 2026-07-12 14:04:57+00:00)
2026-07-13 05:09:32  ERROR     yfinance  
1 Failed download:
2026-07-13 05:09:32  ERROR     yfinance  ['TSLA']: possibly delisted; no price data found  (1m 2026-07-12 11:34:57+00:00 -> 2026-07-12 14:04:57+00:00)
2026-07-13 05:09:32  INFO      src.scraping.x_crawler  No price data for TSLA — markets were closed during this window (2026-07-12 11:34 UTC, weekend).
2026-07-13 05:09:35  INFO      src.scraping.x_crawler  New tweet 2076247510281032148 by @PartTimeCharts (9109 followers) — TSLA
2026-07-13 05:09:35  INFO      src.scraping.x_crawler  Fetching TSLA prices [2026-07-12T09:39:15+00:00 → 2026-07-12T12:09:15+00:00] for tweet 2076247510281032148
2026-07-13 05:09:35  ERROR     yfinance  $TSLA: possibly delisted; no price data found  (1m 2026-07-12 09:39:15+00:00 -> 2026-07-12 12:09:15+00:00)
2026-07-13 05:09:35  ERROR     yfinance  
1 Failed download:
2026-07-13 05:09:35  ERROR     yfinance  ['TSLA']: possibly delisted; no price data found  (1m 2026-07-12 09:39:15+00:00 -> 2026-07-12 12:09:15+00:00)
2026-07-13 05:09:35  INFO      src.scraping.x_crawler  No price data for TSLA — markets were closed during this window (2026-07-12 09:39 UTC, weekend).
2026-07-13 05:09:37  INFO      src.scraping.x_crawler  New tweet 2076229233169342747 by @daltonbrewer (33200 followers) — TSLA
2026-07-13 05:09:37  INFO      src.scraping.x_crawler  Fetching TSLA prices [2026-07-12T08:26:38+00:00 → 2026-07-12T10:56:38+00:00] for tweet 2076229233169342747
2026-07-13 05:09:37  ERROR     yfinance  $TSLA: possibly delisted; no price data found  (1m 2026-07-12 08:26:38+00:00 -> 2026-07-12 10:56:38+00:00)
2026-07-13 05:09:37  ERROR     yfinance  
1 Failed download:
2026-07-13 05:09:37  ERROR     yfinance  ['TSLA']: possibly delisted; no price data found  (1m 2026-07-12 08:26:38+00:00 -> 2026-07-12 10:56:38+00:00)
2026-07-13 05:09:37  INFO      src.scraping.x_crawler  No price data for TSLA — markets were closed during this window (2026-07-12 08:26 UTC, weekend).
2026-07-13 05:09:39  INFO      src.scraping.x_crawler  New tweet 2076166682595237937 by @daltonbrewer (33200 followers) — TSLA
2026-07-13 05:09:39  INFO      src.scraping.x_crawler  Fetching TSLA prices [2026-07-12T04:18:05+00:00 → 2026-07-12T06:48:05+00:00] for tweet 2076166682595237937
2026-07-13 05:09:39  ERROR     yfinance  $TSLA: possibly delisted; no price data found  (1m 2026-07-12 04:18:05+00:00 -> 2026-07-12 06:48:05+00:00)
2026-07-13 05:09:39  ERROR     yfinance  
1 Failed download:
2026-07-13 05:09:39  ERROR     yfinance  ['TSLA']: possibly delisted; no price data found  (1m 2026-07-12 04:18:05+00:00 -> 2026-07-12 06:48:05+00:00)
2026-07-13 05:09:39  INFO      src.scraping.x_crawler  No price data for TSLA — markets were closed during this window (2026-07-12 04:18 UTC, weekend).
2026-07-13 05:09:43  INFO      src.scraping.x_crawler  New tweet 2076102654007111809 by @LunarOptimus (1302 followers) — TSLA
2026-07-13 05:09:43  INFO      src.scraping.x_crawler  Fetching TSLA prices [2026-07-12T00:03:39+00:00 → 2026-07-12T02:33:39+00:00] for tweet 2076102654007111809
2026-07-13 05:09:43  ERROR     yfinance  $TSLA: possibly delisted; no price data found  (1m 2026-07-12 00:03:39+00:00 -> 2026-07-12 02:33:39+00:00)
2026-07-13 05:09:43  ERROR     yfinance  
1 Failed download:
2026-07-13 05:09:43  ERROR     yfinance  ['TSLA']: possibly delisted; no price data found  (1m 2026-07-12 00:03:39+00:00 -> 2026-07-12 02:33:39+00:00)
2026-07-13 05:09:43  INFO      src.scraping.x_crawler  No price data for TSLA — markets were closed during this window (2026-07-12 00:03 UTC, weekend).
2026-07-13 05:09:46  INFO      src.scraping.x_crawler  New tweet 2076100835105255662 by @philllyfanatic (1417 followers) — NBIS
2026-07-13 05:09:46  INFO      src.scraping.x_crawler  Fetching NBIS prices [2026-07-11T23:56:25+00:00 → 2026-07-12T02:26:25+00:00] for tweet 2076100835105255662
2026-07-13 05:09:46  ERROR     yfinance  $NBIS: possibly delisted; no price data found  (1m 2026-07-11 23:56:25+00:00 -> 2026-07-12 02:26:25+00:00)
2026-07-13 05:09:46  ERROR     yfinance  
1 Failed download:
2026-07-13 05:09:46  ERROR     yfinance  ['NBIS']: possibly delisted; no price data found  (1m 2026-07-11 23:56:25+00:00 -> 2026-07-12 02:26:25+00:00)
2026-07-13 05:09:46  INFO      src.scraping.x_crawler  No price data for NBIS — markets were closed during this window (2026-07-11 23:56 UTC, weekend).
2026-07-13 05:09:48  INFO      src.scraping.x_crawler  New tweet 2076089597369458718 by @ptracy75 (6296 followers) — NVDA
2026-07-13 05:09:48  INFO      src.scraping.x_crawler  Fetching NVDA prices [2026-07-11T23:11:46+00:00 → 2026-07-12T01:41:46+00:00] for tweet 2076089597369458718
2026-07-13 05:09:48  ERROR     yfinance  $NVDA: possibly delisted; no price data found  (1m 2026-07-11 23:11:46+00:00 -> 2026-07-12 01:41:46+00:00)
2026-07-13 05:09:48  ERROR     yfinance  
1 Failed download:
2026-07-13 05:09:48  ERROR     yfinance  ['NVDA']: possibly delisted; no price data found  (1m 2026-07-11 23:11:46+00:00 -> 2026-07-12 01:41:46+00:00)
2026-07-13 05:09:48  INFO      src.scraping.x_crawler  No price data for NVDA — markets were closed during this window (2026-07-11 23:11 UTC, weekend).
2026-07-13 05:09:50  INFO      src.scraping.x_crawler  New tweet 2076081024124043740 by @AdityaInvests90 (3194 followers) — NBIS
2026-07-13 05:09:50  INFO      src.scraping.x_crawler  Fetching NBIS prices [2026-07-11T22:37:42+00:00 → 2026-07-12T01:07:42+00:00] for tweet 2076081024124043740
2026-07-13 05:09:51  ERROR     yfinance  $NBIS: possibly delisted; no price data found  (1m 2026-07-11 22:37:42+00:00 -> 2026-07-12 01:07:42+00:00)
2026-07-13 05:09:51  ERROR     yfinance  
1 Failed download:
2026-07-13 05:09:51  ERROR     yfinance  ['NBIS']: possibly delisted; no price data found  (1m 2026-07-11 22:37:42+00:00 -> 2026-07-12 01:07:42+00:00)
2026-07-13 05:09:51  INFO      src.scraping.x_crawler  No price data for NBIS — markets were closed during this window (2026-07-11 22:37 UTC, weekend).
2026-07-13 05:09:53  INFO      src.scraping.x_crawler  New tweet 2076080669466505471 by @GrindeOptions (53900 followers) — TSLA
2026-07-13 05:09:53  INFO      src.scraping.x_crawler  Fetching TSLA prices [2026-07-11T22:36:17+00:00 → 2026-07-12T01:06:17+00:00] for tweet 2076080669466505471
2026-07-13 05:09:53  ERROR     yfinance  $TSLA: possibly delisted; no price data found  (1m 2026-07-11 22:36:17+00:00 -> 2026-07-12 01:06:17+00:00)
2026-07-13 05:09:53  ERROR     yfinance  
1 Failed download:
2026-07-13 05:09:53  ERROR     yfinance  ['TSLA']: possibly delisted; no price data found  (1m 2026-07-11 22:36:17+00:00 -> 2026-07-12 01:06:17+00:00)
2026-07-13 05:09:53  INFO      src.scraping.x_crawler  No price data for TSLA — markets were closed during this window (2026-07-11 22:36 UTC, weekend).
2026-07-13 05:09:55  INFO      src.scraping.x_crawler  New tweet 2076075700222562689 by @cantonmeow (89200 followers) — TSLA
2026-07-13 05:09:55  INFO      src.scraping.x_crawler  Fetching TSLA prices [2026-07-11T22:16:33+00:00 → 2026-07-12T00:46:33+00:00] for tweet 2076075700222562689
2026-07-13 05:09:56  ERROR     yfinance  $TSLA: possibly delisted; no price data found  (1m 2026-07-11 22:16:33+00:00 -> 2026-07-12 00:46:33+00:00)
2026-07-13 05:09:56  ERROR     yfinance  
1 Failed download:
2026-07-13 05:09:56  ERROR     yfinance  ['TSLA']: possibly delisted; no price data found  (1m 2026-07-11 22:16:33+00:00 -> 2026-07-12 00:46:33+00:00)
2026-07-13 05:09:56  INFO      src.scraping.x_crawler  No price data for TSLA — markets were closed during this window (2026-07-11 22:16 UTC, weekend).
2026-07-13 05:09:58  INFO      src.scraping.x_crawler  New tweet 2076072045813592203 by @squawksquare (121200 followers) — no cashtag
2026-07-13 05:10:01  INFO      src.scraping.x_crawler  New tweet 2076045111017013756 by @TrendSpider (670500 followers) — TSLA
2026-07-13 05:10:01  INFO      src.scraping.x_crawler  Fetching TSLA prices [2026-07-11T20:15:00+00:00 → 2026-07-11T22:45:00+00:00] for tweet 2076045111017013756
2026-07-13 05:10:01  ERROR     yfinance  $TSLA: possibly delisted; no price data found  (1m 2026-07-11 20:15:00+00:00 -> 2026-07-11 22:45:00+00:00)
2026-07-13 05:10:01  ERROR     yfinance  
1 Failed download:
2026-07-13 05:10:01  ERROR     yfinance  ['TSLA']: possibly delisted; no price data found  (1m 2026-07-11 20:15:00+00:00 -> 2026-07-11 22:45:00+00:00)
2026-07-13 05:10:01  INFO      src.scraping.x_crawler  No price data for TSLA — markets were closed during this window (2026-07-11 20:15 UTC, weekend).
2026-07-13 05:10:03  INFO      src.scraping.x_crawler  New tweet 2076042664370462943 by @GrindeOptions (53900 followers) — TSLA
2026-07-13 05:10:03  INFO      src.scraping.x_crawler  Fetching TSLA prices [2026-07-11T20:05:16+00:00 → 2026-07-11T22:35:16+00:00] for tweet 2076042664370462943
2026-07-13 05:10:03  ERROR     yfinance  $TSLA: possibly delisted; no price data found  (1m 2026-07-11 20:05:16+00:00 -> 2026-07-11 22:35:16+00:00)
2026-07-13 05:10:03  ERROR     yfinance  
1 Failed download:
2026-07-13 05:10:03  ERROR     yfinance  ['TSLA']: possibly delisted; no price data found  (1m 2026-07-11 20:05:16+00:00 -> 2026-07-11 22:35:16+00:00)
2026-07-13 05:10:03  INFO      src.scraping.x_crawler  No price data for TSLA — markets were closed during this window (2026-07-11 20:05 UTC, weekend).
2026-07-13 05:10:06  INFO      src.scraping.x_crawler  New tweet 2076035664043266459 by @JOBhakdi (38200 followers) — TSLA
2026-07-13 05:10:06  INFO      src.scraping.x_crawler  Fetching TSLA prices [2026-07-11T19:37:27+00:00 → 2026-07-11T22:07:27+00:00] for tweet 2076035664043266459
2026-07-13 05:10:06  ERROR     yfinance  $TSLA: possibly delisted; no price data found  (1m 2026-07-11 19:37:27+00:00 -> 2026-07-11 22:07:27+00:00)
2026-07-13 05:10:06  ERROR     yfinance  
1 Failed download:
2026-07-13 05:10:06  ERROR     yfinance  ['TSLA']: possibly delisted; no price data found  (1m 2026-07-11 19:37:27+00:00 -> 2026-07-11 22:07:27+00:00)
2026-07-13 05:10:06  INFO      src.scraping.x_crawler  No price data for TSLA — markets were closed during this window (2026-07-11 19:37 UTC, weekend).
2026-07-13 05:10:08  INFO      src.scraping.x_crawler  New tweet 2076034994166956309 by @wholemars (1500000 followers) — TSLA
2026-07-13 05:10:08  INFO      src.scraping.x_crawler  Fetching TSLA prices [2026-07-11T19:34:48+00:00 → 2026-07-11T22:04:48+00:00] for tweet 2076034994166956309
2026-07-13 05:10:09  ERROR     yfinance  $TSLA: possibly delisted; no price data found  (1m 2026-07-11 19:34:48+00:00 -> 2026-07-11 22:04:48+00:00)
2026-07-13 05:10:09  ERROR     yfinance  
1 Failed download:
2026-07-13 05:10:09  ERROR     yfinance  ['TSLA']: possibly delisted; no price data found  (1m 2026-07-11 19:34:48+00:00 -> 2026-07-11 22:04:48+00:00)
2026-07-13 05:10:09  INFO      src.scraping.x_crawler  No price data for TSLA — markets were closed during this window (2026-07-11 19:34 UTC, weekend).
2026-07-13 05:10:11  INFO      src.scraping.x_crawler  New tweet 2076031994924814346 by @CuriousPejjy (31300 followers) — TSLA
2026-07-13 05:10:11  INFO      src.scraping.x_crawler  Fetching TSLA prices [2026-07-11T19:22:53+00:00 → 2026-07-11T21:52:53+00:00] for tweet 2076031994924814346
2026-07-13 05:10:11  ERROR     yfinance  $TSLA: possibly delisted; no price data found  (1m 2026-07-11 19:22:53+00:00 -> 2026-07-11 21:52:53+00:00)
2026-07-13 05:10:11  ERROR     yfinance  
1 Failed download:
2026-07-13 05:10:11  ERROR     yfinance  ['TSLA']: possibly delisted; no price data found  (1m 2026-07-11 19:22:53+00:00 -> 2026-07-11 21:52:53+00:00)
2026-07-13 05:10:11  INFO      src.scraping.x_crawler  No price data for TSLA — markets were closed during this window (2026-07-11 19:22 UTC, weekend).
2026-07-13 05:10:13  INFO      src.scraping.x_crawler  New tweet 2076020286747447658 by @futurist_lens (28100 followers) — TSLA
2026-07-13 05:10:13  INFO      src.scraping.x_crawler  Fetching TSLA prices [2026-07-11T18:36:21+00:00 → 2026-07-11T21:06:21+00:00] for tweet 2076020286747447658
2026-07-13 05:10:13  ERROR     yfinance  $TSLA: possibly delisted; no price data found  (1m 2026-07-11 18:36:21+00:00 -> 2026-07-11 21:06:21+00:00)
2026-07-13 05:10:13  ERROR     yfinance  
1 Failed download:
2026-07-13 05:10:13  ERROR     yfinance  ['TSLA']: possibly delisted; no price data found  (1m 2026-07-11 18:36:21+00:00 -> 2026-07-11 21:06:21+00:00)
2026-07-13 05:10:13  INFO      src.scraping.x_crawler  No price data for TSLA — markets were closed during this window (2026-07-11 18:36 UTC, weekend).
2026-07-13 05:10:16  INFO      src.scraping.x_crawler  New tweet 2076019224246452315 by @BestTrader01 (17900 followers) — TSLA
2026-07-13 05:10:16  INFO      src.scraping.x_crawler  Fetching TSLA prices [2026-07-11T18:32:08+00:00 → 2026-07-11T21:02:08+00:00] for tweet 2076019224246452315
2026-07-13 05:10:16  ERROR     yfinance  $TSLA: possibly delisted; no price data found  (1m 2026-07-11 18:32:08+00:00 -> 2026-07-11 21:02:08+00:00)
2026-07-13 05:10:16  ERROR     yfinance  
1 Failed download:
2026-07-13 05:10:16  ERROR     yfinance  ['TSLA']: possibly delisted; no price data found  (1m 2026-07-11 18:32:08+00:00 -> 2026-07-11 21:02:08+00:00)
2026-07-13 05:10:16  INFO      src.scraping.x_crawler  No price data for TSLA — markets were closed during this window (2026-07-11 18:32 UTC, weekend).
2026-07-13 05:10:18  INFO      src.scraping.x_crawler  New tweet 2076008748133593224 by @TeslaFraud (5292 followers) — TSLA
2026-07-13 05:10:18  INFO      src.scraping.x_crawler  Fetching TSLA prices [2026-07-11T17:50:30+00:00 → 2026-07-11T20:20:30+00:00] for tweet 2076008748133593224
2026-07-13 05:10:18  ERROR     yfinance  $TSLA: possibly delisted; no price data found  (1m 2026-07-11 17:50:30+00:00 -> 2026-07-11 20:20:30+00:00)
2026-07-13 05:10:18  ERROR     yfinance  
1 Failed download:
2026-07-13 05:10:18  ERROR     yfinance  ['TSLA']: possibly delisted; no price data found  (1m 2026-07-11 17:50:30+00:00 -> 2026-07-11 20:20:30+00:00)
2026-07-13 05:10:18  INFO      src.scraping.x_crawler  No price data for TSLA — markets were closed during this window (2026-07-11 17:50 UTC, weekend).
2026-07-13 05:10:20  INFO      src.scraping.x_crawler  New tweet 2076005889857724807 by @farzyness (384900 followers) — TSLA
2026-07-13 05:10:20  INFO      src.scraping.x_crawler  Fetching TSLA prices [2026-07-11T17:39:09+00:00 → 2026-07-11T20:09:09+00:00] for tweet 2076005889857724807
2026-07-13 05:10:20  ERROR     yfinance  $TSLA: possibly delisted; no price data found  (1m 2026-07-11 17:39:09+00:00 -> 2026-07-11 20:09:09+00:00)
2026-07-13 05:10:20  ERROR     yfinance  
1 Failed download:
2026-07-13 05:10:20  ERROR     yfinance  ['TSLA']: possibly delisted; no price data found  (1m 2026-07-11 17:39:09+00:00 -> 2026-07-11 20:09:09+00:00)
2026-07-13 05:10:20  INFO      src.scraping.x_crawler  No price data for TSLA — markets were closed during this window (2026-07-11 17:39 UTC, weekend).
2026-07-13 05:10:22  INFO      src.scraping.x_crawler  New tweet 2075997547718709525 by @dividendology (117700 followers) — MSFT
2026-07-13 05:10:22  INFO      src.scraping.x_crawler  Fetching MSFT prices [2026-07-11T17:06:00+00:00 → 2026-07-11T19:36:00+00:00] for tweet 2075997547718709525
2026-07-13 05:10:23  ERROR     yfinance  $MSFT: possibly delisted; no price data found  (1m 2026-07-11 17:06:00+00:00 -> 2026-07-11 19:36:00+00:00)
2026-07-13 05:10:23  ERROR     yfinance  
1 Failed download:
2026-07-13 05:10:23  ERROR     yfinance  ['MSFT']: possibly delisted; no price data found  (1m 2026-07-11 17:06:00+00:00 -> 2026-07-11 19:36:00+00:00)
2026-07-13 05:10:23  INFO      src.scraping.x_crawler  No price data for MSFT — markets were closed during this window (2026-07-11 17:06 UTC, weekend).
2026-07-13 05:10:25  INFO      src.scraping.x_crawler  New tweet 2075997067059535998 by @Zac_Markovich (23900 followers) — TSLA
2026-07-13 05:10:25  INFO      src.scraping.x_crawler  Fetching TSLA prices [2026-07-11T17:04:05+00:00 → 2026-07-11T19:34:05+00:00] for tweet 2075997067059535998
2026-07-13 05:10:25  ERROR     yfinance  $TSLA: possibly delisted; no price data found  (1m 2026-07-11 17:04:05+00:00 -> 2026-07-11 19:34:05+00:00)
2026-07-13 05:10:25  ERROR     yfinance  
1 Failed download:
2026-07-13 05:10:25  ERROR     yfinance  ['TSLA']: possibly delisted; no price data found  (1m 2026-07-11 17:04:05+00:00 -> 2026-07-11 19:34:05+00:00)
2026-07-13 05:10:25  INFO      src.scraping.x_crawler  No price data for TSLA — markets were closed during this window (2026-07-11 17:04 UTC, weekend).
2026-07-13 05:10:27  INFO      src.scraping.x_crawler  New tweet 2075984147991142769 by @BradMunchen (24600 followers) — TSLA
2026-07-13 05:10:27  INFO      src.scraping.x_crawler  Fetching TSLA prices [2026-07-11T16:12:45+00:00 → 2026-07-11T18:42:45+00:00] for tweet 2075984147991142769
2026-07-13 05:10:27  ERROR     yfinance  $TSLA: possibly delisted; no price data found  (1m 2026-07-11 16:12:45+00:00 -> 2026-07-11 18:42:45+00:00)
2026-07-13 05:10:27  ERROR     yfinance  
1 Failed download:
2026-07-13 05:10:27  ERROR     yfinance  ['TSLA']: possibly delisted; no price data found  (1m 2026-07-11 16:12:45+00:00 -> 2026-07-11 18:42:45+00:00)
2026-07-13 05:10:27  INFO      src.scraping.x_crawler  No price data for TSLA — markets were closed during this window (2026-07-11 16:12 UTC, weekend).
2026-07-13 05:10:29  INFO      src.scraping.x_crawler  New tweet 2075981055614754826 by @BradMunchen (24600 followers) — SPCX
2026-07-13 05:10:29  INFO      src.scraping.x_crawler  Fetching SPCX prices [2026-07-11T16:00:28+00:00 → 2026-07-11T18:30:28+00:00] for tweet 2075981055614754826
2026-07-13 05:10:29  ERROR     yfinance  $SPCX: possibly delisted; no price data found  (1m 2026-07-11 16:00:28+00:00 -> 2026-07-11 18:30:28+00:00)
2026-07-13 05:10:29  ERROR     yfinance  
1 Failed download:
2026-07-13 05:10:29  ERROR     yfinance  ['SPCX']: possibly delisted; no price data found  (1m 2026-07-11 16:00:28+00:00 -> 2026-07-11 18:30:28+00:00)
2026-07-13 05:10:29  INFO      src.scraping.x_crawler  No price data for SPCX — markets were closed during this window (2026-07-11 16:00 UTC, weekend).
2026-07-13 05:10:33  INFO      src.scraping.x_crawler  New tweet 2075962540719493474 by @GerberKawasaki (425400 followers) — TSLA
2026-07-13 05:10:33  INFO      src.scraping.x_crawler  Fetching TSLA prices [2026-07-11T14:46:53+00:00 → 2026-07-11T17:16:53+00:00] for tweet 2075962540719493474
2026-07-13 05:10:33  ERROR     yfinance  $TSLA: possibly delisted; no price data found  (1m 2026-07-11 14:46:53+00:00 -> 2026-07-11 17:16:53+00:00)
2026-07-13 05:10:33  ERROR     yfinance  
1 Failed download:
2026-07-13 05:10:33  ERROR     yfinance  ['TSLA']: possibly delisted; no price data found  (1m 2026-07-11 14:46:53+00:00 -> 2026-07-11 17:16:53+00:00)
2026-07-13 05:10:33  INFO      src.scraping.x_crawler  No price data for TSLA — markets were closed during this window (2026-07-11 14:46 UTC, weekend).
2026-07-13 05:10:35  INFO      src.scraping.x_crawler  New tweet 2075962057745371465 by @GerberKawasaki (425400 followers) — TSLA
2026-07-13 05:10:35  INFO      src.scraping.x_crawler  Fetching TSLA prices [2026-07-11T14:44:58+00:00 → 2026-07-11T17:14:58+00:00] for tweet 2075962057745371465
2026-07-13 05:10:35  ERROR     yfinance  $TSLA: possibly delisted; no price data found  (1m 2026-07-11 14:44:58+00:00 -> 2026-07-11 17:14:58+00:00)
2026-07-13 05:10:35  ERROR     yfinance  
1 Failed download:
2026-07-13 05:10:35  ERROR     yfinance  ['TSLA']: possibly delisted; no price data found  (1m 2026-07-11 14:44:58+00:00 -> 2026-07-11 17:14:58+00:00)
2026-07-13 05:10:35  INFO      src.scraping.x_crawler  No price data for TSLA — markets were closed during this window (2026-07-11 14:44 UTC, weekend).
2026-07-13 05:10:37  INFO      src.scraping.x_crawler  New tweet 2075961926333698528 by @VanquishTrader (7524 followers) — TSLA
2026-07-13 05:10:37  INFO      src.scraping.x_crawler  Fetching TSLA prices [2026-07-11T14:44:27+00:00 → 2026-07-11T17:14:27+00:00] for tweet 2075961926333698528
2026-07-13 05:10:38  ERROR     yfinance  $TSLA: possibly delisted; no price data found  (1m 2026-07-11 14:44:27+00:00 -> 2026-07-11 17:14:27+00:00)
2026-07-13 05:10:38  ERROR     yfinance  
1 Failed download:
2026-07-13 05:10:38  ERROR     yfinance  ['TSLA']: possibly delisted; no price data found  (1m 2026-07-11 14:44:27+00:00 -> 2026-07-11 17:14:27+00:00)
2026-07-13 05:10:38  INFO      src.scraping.x_crawler  No price data for TSLA — markets were closed during this window (2026-07-11 14:44 UTC, weekend).
2026-07-13 05:10:40  INFO      src.scraping.x_crawler  New tweet 2075961757021986986 by @JEFETRADES (38600 followers) — SPCX
2026-07-13 05:10:40  INFO      src.scraping.x_crawler  Fetching SPCX prices [2026-07-11T14:43:47+00:00 → 2026-07-11T17:13:47+00:00] for tweet 2075961757021986986
2026-07-13 05:10:40  ERROR     yfinance  $SPCX: possibly delisted; no price data found  (1m 2026-07-11 14:43:47+00:00 -> 2026-07-11 17:13:47+00:00)
2026-07-13 05:10:40  ERROR     yfinance  
1 Failed download:
2026-07-13 05:10:40  ERROR     yfinance  ['SPCX']: possibly delisted; no price data found  (1m 2026-07-11 14:43:47+00:00 -> 2026-07-11 17:13:47+00:00)
2026-07-13 05:10:40  INFO      src.scraping.x_crawler  No price data for SPCX — markets were closed during this window (2026-07-11 14:43 UTC, weekend).
2026-07-13 05:10:43  INFO      src.scraping.x_crawler  New tweet 2075958295815225534 by @CoinvoTrading (58700 followers) — TSLA
2026-07-13 05:10:43  INFO      src.scraping.x_crawler  Fetching TSLA prices [2026-07-11T14:30:01+00:00 → 2026-07-11T17:00:01+00:00] for tweet 2075958295815225534
2026-07-13 05:10:43  ERROR     yfinance  $TSLA: possibly delisted; no price data found  (1m 2026-07-11 14:30:01+00:00 -> 2026-07-11 17:00:01+00:00)
2026-07-13 05:10:43  ERROR     yfinance  
1 Failed download:
2026-07-13 05:10:43  ERROR     yfinance  ['TSLA']: possibly delisted; no price data found  (1m 2026-07-11 14:30:01+00:00 -> 2026-07-11 17:00:01+00:00)
2026-07-13 05:10:43  INFO      src.scraping.x_crawler  No price data for TSLA — markets were closed during this window (2026-07-11 14:30 UTC, weekend).
2026-07-13 05:10:45  INFO      src.scraping.x_crawler  New tweet 2075958244028154368 by @CuriousPejjy (31300 followers) — TSLA
2026-07-13 05:10:45  INFO      src.scraping.x_crawler  Fetching TSLA prices [2026-07-11T14:29:49+00:00 → 2026-07-11T16:59:49+00:00] for tweet 2075958244028154368
2026-07-13 05:10:45  ERROR     yfinance  $TSLA: possibly delisted; no price data found  (1m 2026-07-11 14:29:49+00:00 -> 2026-07-11 16:59:49+00:00)
2026-07-13 05:10:45  ERROR     yfinance  
1 Failed download:
2026-07-13 05:10:45  ERROR     yfinance  ['TSLA']: possibly delisted; no price data found  (1m 2026-07-11 14:29:49+00:00 -> 2026-07-11 16:59:49+00:00)
2026-07-13 05:10:45  INFO      src.scraping.x_crawler  No price data for TSLA — markets were closed during this window (2026-07-11 14:29 UTC, weekend).
2026-07-13 05:10:47  INFO      src.scraping.x_crawler  New tweet 2075958089136611570 by @CuriousPejjy (31300 followers) — TSLA
2026-07-13 05:10:47  INFO      src.scraping.x_crawler  Fetching TSLA prices [2026-07-11T14:29:12+00:00 → 2026-07-11T16:59:12+00:00] for tweet 2075958089136611570
2026-07-13 05:10:47  ERROR     yfinance  $TSLA: possibly delisted; no price data found  (1m 2026-07-11 14:29:12+00:00 -> 2026-07-11 16:59:12+00:00)
2026-07-13 05:10:47  ERROR     yfinance  
1 Failed download:
2026-07-13 05:10:47  ERROR     yfinance  ['TSLA']: possibly delisted; no price data found  (1m 2026-07-11 14:29:12+00:00 -> 2026-07-11 16:59:12+00:00)
2026-07-13 05:10:47  INFO      src.scraping.x_crawler  No price data for TSLA — markets were closed during this window (2026-07-11 14:29 UTC, weekend).
2026-07-13 05:10:50  INFO      src.scraping.x_crawler  New tweet 2075954876031357187 by @CuriousPejjy (31300 followers) — TSLA
2026-07-13 05:10:50  INFO      src.scraping.x_crawler  Fetching TSLA prices [2026-07-11T14:16:26+00:00 → 2026-07-11T16:46:26+00:00] for tweet 2075954876031357187
2026-07-13 05:10:50  ERROR     yfinance  $TSLA: possibly delisted; no price data found  (1m 2026-07-11 14:16:26+00:00 -> 2026-07-11 16:46:26+00:00)
2026-07-13 05:10:50  ERROR     yfinance  
1 Failed download:
2026-07-13 05:10:50  ERROR     yfinance  ['TSLA']: possibly delisted; no price data found  (1m 2026-07-11 14:16:26+00:00 -> 2026-07-11 16:46:26+00:00)
2026-07-13 05:10:50  INFO      src.scraping.x_crawler  No price data for TSLA — markets were closed during this window (2026-07-11 14:16 UTC, weekend).
2026-07-13 05:10:52  INFO      src.scraping.x_crawler  New tweet 2075952006448009643 by @enrichtrades (32400 followers) — TSLA
2026-07-13 05:10:52  INFO      src.scraping.x_crawler  Fetching TSLA prices [2026-07-11T14:05:02+00:00 → 2026-07-11T16:35:02+00:00] for tweet 2075952006448009643
2026-07-13 05:10:52  ERROR     yfinance  $TSLA: possibly delisted; no price data found  (1m 2026-07-11 14:05:02+00:00 -> 2026-07-11 16:35:02+00:00)
2026-07-13 05:10:52  ERROR     yfinance  
1 Failed download:
2026-07-13 05:10:52  ERROR     yfinance  ['TSLA']: possibly delisted; no price data found  (1m 2026-07-11 14:05:02+00:00 -> 2026-07-11 16:35:02+00:00)
2026-07-13 05:10:52  INFO      src.scraping.x_crawler  No price data for TSLA — markets were closed during this window (2026-07-11 14:05 UTC, weekend).
2026-07-13 05:10:54  INFO      src.scraping.x_crawler  New tweet 2075942382525374530 by @Tslachan (66900 followers) — TSLA
2026-07-13 05:10:54  INFO      src.scraping.x_crawler  Fetching TSLA prices [2026-07-11T13:26:47+00:00 → 2026-07-11T15:56:47+00:00] for tweet 2075942382525374530
2026-07-13 05:10:55  ERROR     yfinance  $TSLA: possibly delisted; no price data found  (1m 2026-07-11 13:26:47+00:00 -> 2026-07-11 15:56:47+00:00)
2026-07-13 05:10:55  ERROR     yfinance  
1 Failed download:
2026-07-13 05:10:55  ERROR     yfinance  ['TSLA']: possibly delisted; no price data found  (1m 2026-07-11 13:26:47+00:00 -> 2026-07-11 15:56:47+00:00)
2026-07-13 05:10:55  INFO      src.scraping.x_crawler  No price data for TSLA — markets were closed during this window (2026-07-11 13:26 UTC, weekend).
2026-07-13 05:10:57  INFO      src.scraping.x_crawler  New tweet 2075938227182248083 by @BradMunchen (24600 followers) — SPCX
2026-07-13 05:10:57  INFO      src.scraping.x_crawler  Fetching SPCX prices [2026-07-11T13:10:17+00:00 → 2026-07-11T15:40:17+00:00] for tweet 2075938227182248083
2026-07-13 05:10:57  ERROR     yfinance  $SPCX: possibly delisted; no price data found  (1m 2026-07-11 13:10:17+00:00 -> 2026-07-11 15:40:17+00:00)
2026-07-13 05:10:57  ERROR     yfinance  
1 Failed download:
2026-07-13 05:10:57  ERROR     yfinance  ['SPCX']: possibly delisted; no price data found  (1m 2026-07-11 13:10:17+00:00 -> 2026-07-11 15:40:17+00:00)
2026-07-13 05:10:57  INFO      src.scraping.x_crawler  No price data for SPCX — markets were closed during this window (2026-07-11 13:10 UTC, weekend).
2026-07-13 05:11:00  INFO      src.scraping.x_crawler  New tweet 2075911601262338544 by @genejchan (5610 followers) — TSLA
2026-07-13 05:11:00  INFO      src.scraping.x_crawler  Fetching TSLA prices [2026-07-11T11:24:28+00:00 → 2026-07-11T13:54:28+00:00] for tweet 2075911601262338544
2026-07-13 05:11:00  ERROR     yfinance  $TSLA: possibly delisted; no price data found  (1m 2026-07-11 11:24:28+00:00 -> 2026-07-11 13:54:28+00:00)
2026-07-13 05:11:00  ERROR     yfinance  
1 Failed download:
2026-07-13 05:11:00  ERROR     yfinance  ['TSLA']: possibly delisted; no price data found  (1m 2026-07-11 11:24:28+00:00 -> 2026-07-11 13:54:28+00:00)
2026-07-13 05:11:00  INFO      src.scraping.x_crawler  No price data for TSLA — markets were closed during this window (2026-07-11 11:24 UTC, weekend).
2026-07-13 05:11:02  INFO      src.scraping.x_crawler  New tweet 2075905251648176229 by @Tslachan (66900 followers) — TSLA
2026-07-13 05:11:02  INFO      src.scraping.x_crawler  Fetching TSLA prices [2026-07-11T10:59:15+00:00 → 2026-07-11T13:29:15+00:00] for tweet 2075905251648176229
2026-07-13 05:11:02  ERROR     yfinance  $TSLA: possibly delisted; no price data found  (1m 2026-07-11 10:59:15+00:00 -> 2026-07-11 13:29:15+00:00)
2026-07-13 05:11:02  ERROR     yfinance  
1 Failed download:
2026-07-13 05:11:02  ERROR     yfinance  ['TSLA']: possibly delisted; no price data found  (1m 2026-07-11 10:59:15+00:00 -> 2026-07-11 13:29:15+00:00)
2026-07-13 05:11:02  INFO      src.scraping.x_crawler  No price data for TSLA — markets were closed during this window (2026-07-11 10:59 UTC, weekend).
2026-07-13 05:11:04  INFO      src.scraping.x_crawler  New tweet 2075897903886086509 by @CoinvoTrading (58700 followers) — TSLA
2026-07-13 05:11:04  INFO      src.scraping.x_crawler  Fetching TSLA prices [2026-07-11T10:30:03+00:00 → 2026-07-11T13:00:03+00:00] for tweet 2075897903886086509
2026-07-13 05:11:04  ERROR     yfinance  $TSLA: possibly delisted; no price data found  (1m 2026-07-11 10:30:03+00:00 -> 2026-07-11 13:00:03+00:00)
2026-07-13 05:11:04  ERROR     yfinance  
1 Failed download:
2026-07-13 05:11:04  ERROR     yfinance  ['TSLA']: possibly delisted; no price data found  (1m 2026-07-11 10:30:03+00:00 -> 2026-07-11 13:00:03+00:00)
2026-07-13 05:11:04  INFO      src.scraping.x_crawler  No price data for TSLA — markets were closed during this window (2026-07-11 10:30 UTC, weekend).
2026-07-13 05:11:08  INFO      src.scraping.x_crawler  New tweet 2075896028323254679 by @aleabitoreddit (947700 followers) — TSLA
2026-07-13 05:11:08  INFO      src.scraping.x_crawler  Fetching TSLA prices [2026-07-11T10:22:36+00:00 → 2026-07-11T12:52:36+00:00] for tweet 2075896028323254679
2026-07-13 05:11:08  ERROR     yfinance  $TSLA: possibly delisted; no price data found  (1m 2026-07-11 10:22:36+00:00 -> 2026-07-11 12:52:36+00:00)
2026-07-13 05:11:08  ERROR     yfinance  
1 Failed download:
2026-07-13 05:11:08  ERROR     yfinance  ['TSLA']: possibly delisted; no price data found  (1m 2026-07-11 10:22:36+00:00 -> 2026-07-11 12:52:36+00:00)
2026-07-13 05:11:08  INFO      src.scraping.x_crawler  No price data for TSLA — markets were closed during this window (2026-07-11 10:22 UTC, weekend).
2026-07-13 05:11:10  INFO      src.scraping.x_crawler  New tweet 2075875022166474786 by @CuriousPejjy (31300 followers) — TSLA
2026-07-13 05:11:10  INFO      src.scraping.x_crawler  Fetching TSLA prices [2026-07-11T08:59:07+00:00 → 2026-07-11T11:29:07+00:00] for tweet 2075875022166474786
2026-07-13 05:11:10  ERROR     yfinance  $TSLA: possibly delisted; no price data found  (1m 2026-07-11 08:59:07+00:00 -> 2026-07-11 11:29:07+00:00)
2026-07-13 05:11:10  ERROR     yfinance  
1 Failed download:
2026-07-13 05:11:10  ERROR     yfinance  ['TSLA']: possibly delisted; no price data found  (1m 2026-07-11 08:59:07+00:00 -> 2026-07-11 11:29:07+00:00)
2026-07-13 05:11:10  INFO      src.scraping.x_crawler  No price data for TSLA — markets were closed during this window (2026-07-11 08:59 UTC, weekend).
2026-07-13 05:11:12  INFO      src.scraping.x_crawler  New tweet 2075872708051533842 by @CuriousPejjy (31300 followers) — TSLA
2026-07-13 05:11:12  INFO      src.scraping.x_crawler  Fetching TSLA prices [2026-07-11T08:49:56+00:00 → 2026-07-11T11:19:56+00:00] for tweet 2075872708051533842
2026-07-13 05:11:13  ERROR     yfinance  $TSLA: possibly delisted; no price data found  (1m 2026-07-11 08:49:56+00:00 -> 2026-07-11 11:19:56+00:00)
2026-07-13 05:11:13  ERROR     yfinance  
1 Failed download:
2026-07-13 05:11:13  ERROR     yfinance  ['TSLA']: possibly delisted; no price data found  (1m 2026-07-11 08:49:56+00:00 -> 2026-07-11 11:19:56+00:00)
2026-07-13 05:11:13  INFO      src.scraping.x_crawler  No price data for TSLA — markets were closed during this window (2026-07-11 08:49 UTC, weekend).
2026-07-13 05:11:15  INFO      src.scraping.x_crawler  New tweet 2075836098123895207 by @Tslachan (66900 followers) — TSLA
2026-07-13 05:11:15  INFO      src.scraping.x_crawler  Fetching TSLA prices [2026-07-11T06:24:27+00:00 → 2026-07-11T08:54:27+00:00] for tweet 2075836098123895207
2026-07-13 05:11:15  ERROR     yfinance  $TSLA: possibly delisted; no price data found  (1m 2026-07-11 06:24:27+00:00 -> 2026-07-11 08:54:27+00:00)
2026-07-13 05:11:15  ERROR     yfinance  
1 Failed download:
2026-07-13 05:11:15  ERROR     yfinance  ['TSLA']: possibly delisted; no price data found  (1m 2026-07-11 06:24:27+00:00 -> 2026-07-11 08:54:27+00:00)
2026-07-13 05:11:15  INFO      src.scraping.x_crawler  No price data for TSLA — markets were closed during this window (2026-07-11 06:24 UTC, weekend).
2026-07-13 05:11:17  INFO      src.scraping.x_crawler  New tweet 2075819353627591029 by @TeslaZoa (22800 followers) — TSLA
2026-07-13 05:11:17  INFO      src.scraping.x_crawler  Fetching TSLA prices [2026-07-11T05:17:55+00:00 → 2026-07-11T07:47:55+00:00] for tweet 2075819353627591029
2026-07-13 05:11:17  ERROR     yfinance  $TSLA: possibly delisted; no price data found  (1m 2026-07-11 05:17:55+00:00 -> 2026-07-11 07:47:55+00:00)
2026-07-13 05:11:17  ERROR     yfinance  
1 Failed download:
2026-07-13 05:11:17  ERROR     yfinance  ['TSLA']: possibly delisted; no price data found  (1m 2026-07-11 05:17:55+00:00 -> 2026-07-11 07:47:55+00:00)
2026-07-13 05:11:17  INFO      src.scraping.x_crawler  No price data for TSLA — markets were closed during this window (2026-07-11 05:17 UTC, weekend).
2026-07-13 05:11:19  INFO      src.scraping.x_crawler  New tweet 2075811248810201499 by @daltonbrewer (33200 followers) — TSLA
2026-07-13 05:11:19  INFO      src.scraping.x_crawler  Fetching TSLA prices [2026-07-11T04:45:43+00:00 → 2026-07-11T07:15:43+00:00] for tweet 2075811248810201499
2026-07-13 05:11:20  ERROR     yfinance  $TSLA: possibly delisted; no price data found  (1m 2026-07-11 04:45:43+00:00 -> 2026-07-11 07:15:43+00:00)
2026-07-13 05:11:20  ERROR     yfinance  
1 Failed download:
2026-07-13 05:11:20  ERROR     yfinance  ['TSLA']: possibly delisted; no price data found  (1m 2026-07-11 04:45:43+00:00 -> 2026-07-11 07:15:43+00:00)
2026-07-13 05:11:20  INFO      src.scraping.x_crawler  No price data for TSLA — markets were closed during this window (2026-07-11 04:45 UTC, weekend).
2026-07-13 05:11:21  INFO      src.scraping.x_crawler  New tweet 2075779671464296508 by @Tslachan (66900 followers) — TSLA
2026-07-13 05:11:21  INFO      src.scraping.x_crawler  Fetching TSLA prices [2026-07-11T02:40:14+00:00 → 2026-07-11T05:10:14+00:00] for tweet 2075779671464296508
2026-07-13 05:11:22  ERROR     yfinance  $TSLA: possibly delisted; no price data found  (1m 2026-07-11 02:40:14+00:00 -> 2026-07-11 05:10:14+00:00)
2026-07-13 05:11:22  ERROR     yfinance  
1 Failed download:
2026-07-13 05:11:22  ERROR     yfinance  ['TSLA']: possibly delisted; no price data found  (1m 2026-07-11 02:40:14+00:00 -> 2026-07-11 05:10:14+00:00)
2026-07-13 05:11:22  INFO      src.scraping.x_crawler  No price data for TSLA — markets were closed during this window (2026-07-11 02:40 UTC, weekend).
2026-07-13 05:11:24  INFO      src.scraping.x_crawler  New tweet 2075778259120533906 by @BradMunchen (24600 followers) — TSLA
2026-07-13 05:11:24  INFO      src.scraping.x_crawler  Fetching TSLA prices [2026-07-11T02:34:37+00:00 → 2026-07-11T05:04:37+00:00] for tweet 2075778259120533906
2026-07-13 05:11:24  ERROR     yfinance  $TSLA: possibly delisted; no price data found  (1m 2026-07-11 02:34:37+00:00 -> 2026-07-11 05:04:37+00:00)
2026-07-13 05:11:24  ERROR     yfinance  
1 Failed download:
2026-07-13 05:11:24  ERROR     yfinance  ['TSLA']: possibly delisted; no price data found  (1m 2026-07-11 02:34:37+00:00 -> 2026-07-11 05:04:37+00:00)
2026-07-13 05:11:24  INFO      src.scraping.x_crawler  No price data for TSLA — markets were closed during this window (2026-07-11 02:34 UTC, weekend).
2026-07-13 05:11:27  INFO      src.scraping.x_crawler  New tweet 2075768137463808324 by @Tslachan (66900 followers) — TSLA
2026-07-13 05:11:27  INFO      src.scraping.x_crawler  Fetching TSLA prices [2026-07-11T01:54:24+00:00 → 2026-07-11T04:24:24+00:00] for tweet 2075768137463808324
2026-07-13 05:11:27  ERROR     yfinance  $TSLA: possibly delisted; no price data found  (1m 2026-07-11 01:54:24+00:00 -> 2026-07-11 04:24:24+00:00)
2026-07-13 05:11:27  ERROR     yfinance  
1 Failed download:
2026-07-13 05:11:27  ERROR     yfinance  ['TSLA']: possibly delisted; no price data found  (1m 2026-07-11 01:54:24+00:00 -> 2026-07-11 04:24:24+00:00)
2026-07-13 05:11:27  INFO      src.scraping.x_crawler  No price data for TSLA — markets were closed during this window (2026-07-11 01:54 UTC, weekend).
2026-07-13 05:11:29  INFO      src.scraping.x_crawler  New tweet 2075749926517030926 by @CuriousPejjy (31300 followers) — TSLA
2026-07-13 05:11:29  INFO      src.scraping.x_crawler  Fetching TSLA prices [2026-07-11T00:42:02+00:00 → 2026-07-11T03:12:02+00:00] for tweet 2075749926517030926
2026-07-13 05:11:29  ERROR     yfinance  $TSLA: possibly delisted; no price data found  (1m 2026-07-11 00:42:02+00:00 -> 2026-07-11 03:12:02+00:00)
2026-07-13 05:11:29  ERROR     yfinance  
1 Failed download:
2026-07-13 05:11:29  ERROR     yfinance  ['TSLA']: possibly delisted; no price data found  (1m 2026-07-11 00:42:02+00:00 -> 2026-07-11 03:12:02+00:00)
2026-07-13 05:11:29  INFO      src.scraping.x_crawler  No price data for TSLA — markets were closed during this window (2026-07-11 00:42 UTC, weekend).
2026-07-13 05:11:32  INFO      src.scraping.x_crawler  New tweet 2075748761389682979 by @nishkidoonoo (3016 followers) — TSLA
2026-07-13 05:11:32  INFO      src.scraping.x_crawler  Fetching TSLA prices [2026-07-11T00:37:24+00:00 → 2026-07-11T03:07:24+00:00] for tweet 2075748761389682979
2026-07-13 05:11:32  ERROR     yfinance  $TSLA: possibly delisted; no price data found  (1m 2026-07-11 00:37:24+00:00 -> 2026-07-11 03:07:24+00:00)
2026-07-13 05:11:32  ERROR     yfinance  
1 Failed download:
2026-07-13 05:11:32  ERROR     yfinance  ['TSLA']: possibly delisted; no price data found  (1m 2026-07-11 00:37:24+00:00 -> 2026-07-11 03:07:24+00:00)
2026-07-13 05:11:32  INFO      src.scraping.x_crawler  No price data for TSLA — markets were closed during this window (2026-07-11 00:37 UTC, weekend).
2026-07-13 05:11:34  INFO      src.scraping.x_crawler  New tweet 2075746105133035897 by @Vol888 (16400 followers) — TSLA
2026-07-13 05:11:34  INFO      src.scraping.x_crawler  Fetching TSLA prices [2026-07-11T00:26:51+00:00 → 2026-07-11T02:56:51+00:00] for tweet 2075746105133035897
2026-07-13 05:11:34  ERROR     yfinance  $TSLA: possibly delisted; no price data found  (1m 2026-07-11 00:26:51+00:00 -> 2026-07-11 02:56:51+00:00)
2026-07-13 05:11:34  ERROR     yfinance  
1 Failed download:
2026-07-13 05:11:34  ERROR     yfinance  ['TSLA']: possibly delisted; no price data found  (1m 2026-07-11 00:26:51+00:00 -> 2026-07-11 02:56:51+00:00)
2026-07-13 05:11:34  INFO      src.scraping.x_crawler  No price data for TSLA — markets were closed during this window (2026-07-11 00:26 UTC, weekend).
2026-07-13 05:11:37  INFO      src.scraping.x_crawler  New tweet 2075732406473281651 by @Tslachan (66900 followers) — TSLA
2026-07-13 05:11:37  INFO      src.scraping.x_crawler  Fetching TSLA prices [2026-07-10T23:32:25+00:00 → 2026-07-11T02:02:25+00:00] for tweet 2075732406473281651
2026-07-13 05:11:37  ERROR     yfinance  $TSLA: possibly delisted; no price data found  (1m 2026-07-10 23:32:25+00:00 -> 2026-07-11 02:02:25+00:00)
2026-07-13 05:11:37  ERROR     yfinance  
1 Failed download:
2026-07-13 05:11:37  ERROR     yfinance  ['TSLA']: possibly delisted; no price data found  (1m 2026-07-10 23:32:25+00:00 -> 2026-07-11 02:02:25+00:00)
2026-07-13 05:11:37  INFO      src.scraping.x_crawler  No price data for TSLA — markets were closed during this window (2026-07-10 23:32 UTC, outside trading hours (NYSE 09:30–16:00 ET)).
2026-07-13 05:11:40  INFO      src.scraping.x_crawler  New tweet 2075731670779433377 by @TheSonOfWalkley (52400 followers) — TSLA
2026-07-13 05:11:40  INFO      src.scraping.x_crawler  Fetching TSLA prices [2026-07-10T23:29:30+00:00 → 2026-07-11T01:59:30+00:00] for tweet 2075731670779433377
2026-07-13 05:11:40  ERROR     yfinance  $TSLA: possibly delisted; no price data found  (1m 2026-07-10 23:29:30+00:00 -> 2026-07-11 01:59:30+00:00)
2026-07-13 05:11:40  ERROR     yfinance  
1 Failed download:
2026-07-13 05:11:40  ERROR     yfinance  ['TSLA']: possibly delisted; no price data found  (1m 2026-07-10 23:29:30+00:00 -> 2026-07-11 01:59:30+00:00)
2026-07-13 05:11:40  INFO      src.scraping.x_crawler  No price data for TSLA — markets were closed during this window (2026-07-10 23:29 UTC, outside trading hours (NYSE 09:30–16:00 ET)).
2026-07-13 05:11:42  INFO      src.scraping.x_crawler  New tweet 2075731241270489567 by @Tslachan (66900 followers) — TSLA
2026-07-13 05:11:42  INFO      src.scraping.x_crawler  Fetching TSLA prices [2026-07-10T23:27:47+00:00 → 2026-07-11T01:57:47+00:00] for tweet 2075731241270489567
2026-07-13 05:11:42  ERROR     yfinance  $TSLA: possibly delisted; no price data found  (1m 2026-07-10 23:27:47+00:00 -> 2026-07-11 01:57:47+00:00)
2026-07-13 05:11:42  ERROR     yfinance  
1 Failed download:
2026-07-13 05:11:42  ERROR     yfinance  ['TSLA']: possibly delisted; no price data found  (1m 2026-07-10 23:27:47+00:00 -> 2026-07-11 01:57:47+00:00)
2026-07-13 05:11:42  INFO      src.scraping.x_crawler  No price data for TSLA — markets were closed during this window (2026-07-10 23:27 UTC, outside trading hours (NYSE 09:30–16:00 ET)).
2026-07-13 05:11:44  INFO      src.scraping.x_crawler  New tweet 2075705598717591835 by @Sam_Badawi (51200 followers) — TSLA
2026-07-13 05:11:44  INFO      src.scraping.x_crawler  Fetching TSLA prices [2026-07-10T21:45:54+00:00 → 2026-07-11T00:15:54+00:00] for tweet 2075705598717591835
2026-07-13 05:11:44  ERROR     yfinance  $TSLA: possibly delisted; no price data found  (1m 2026-07-10 21:45:54+00:00 -> 2026-07-11 00:15:54+00:00)
2026-07-13 05:11:44  ERROR     yfinance  
1 Failed download:
2026-07-13 05:11:44  ERROR     yfinance  ['TSLA']: possibly delisted; no price data found  (1m 2026-07-10 21:45:54+00:00 -> 2026-07-11 00:15:54+00:00)
2026-07-13 05:11:44  INFO      src.scraping.x_crawler  No price data for TSLA — markets were closed during this window (2026-07-10 21:45 UTC, outside trading hours (NYSE 09:30–16:00 ET)).
2026-07-13 05:11:47  INFO      src.scraping.x_crawler  New tweet 2075704099601789329 by @CuriousPejjy (31300 followers) — TSLA
2026-07-13 05:11:47  INFO      src.scraping.x_crawler  Fetching TSLA prices [2026-07-10T21:39:56+00:00 → 2026-07-11T00:09:56+00:00] for tweet 2075704099601789329
2026-07-13 05:11:47  ERROR     yfinance  $TSLA: possibly delisted; no price data found  (1m 2026-07-10 21:39:56+00:00 -> 2026-07-11 00:09:56+00:00)
2026-07-13 05:11:47  ERROR     yfinance  
1 Failed download:
2026-07-13 05:11:47  ERROR     yfinance  ['TSLA']: possibly delisted; no price data found  (1m 2026-07-10 21:39:56+00:00 -> 2026-07-11 00:09:56+00:00)
2026-07-13 05:11:47  INFO      src.scraping.x_crawler  No price data for TSLA — markets were closed during this window (2026-07-10 21:39 UTC, outside trading hours (NYSE 09:30–16:00 ET)).
2026-07-13 05:11:49  INFO      src.scraping.x_crawler  New tweet 2075675102549524909 by @WhaleInsider (672000 followers) — TSLA
2026-07-13 05:11:49  INFO      src.scraping.x_crawler  Fetching TSLA prices [2026-07-10T19:44:43+00:00 → 2026-07-10T22:14:43+00:00] for tweet 2075675102549524909
2026-07-13 05:11:50  INFO      src.scraping.x_crawler  Stored 15 price rows for tweet 2075675102549524909.
2026-07-13 05:11:52  INFO      src.scraping.x_crawler  New tweet 2075668906912686303 by @genejchan (5610 followers) — TSLA
2026-07-13 05:11:52  INFO      src.scraping.x_crawler  Fetching TSLA prices [2026-07-10T19:20:06+00:00 → 2026-07-10T21:50:06+00:00] for tweet 2075668906912686303
2026-07-13 05:11:52  INFO      src.scraping.x_crawler  Stored 39 price rows for tweet 2075668906912686303.
2026-07-13 05:11:54  INFO      src.scraping.x_crawler  New tweet 2075664163163300220 by @GrindeOptions (53900 followers) — TSLA
2026-07-13 05:11:54  INFO      src.scraping.x_crawler  Fetching TSLA prices [2026-07-10T19:01:15+00:00 → 2026-07-10T21:31:15+00:00] for tweet 2075664163163300220
2026-07-13 05:11:55  INFO      src.scraping.x_crawler  Stored 58 price rows for tweet 2075664163163300220.
2026-07-13 05:11:57  INFO      src.scraping.x_crawler  New tweet 2075654069704880307 by @Investanswers (289100 followers) — TSLA
2026-07-13 05:11:57  INFO      src.scraping.x_crawler  Fetching TSLA prices [2026-07-10T18:21:08+00:00 → 2026-07-10T20:51:08+00:00] for tweet 2075654069704880307
2026-07-13 05:11:57  INFO      src.scraping.x_crawler  Stored 98 price rows for tweet 2075654069704880307.
2026-07-13 05:12:00  INFO      src.scraping.x_crawler  New tweet 2075651645350772738 by @BillBrooklyn10 (108000 followers) — INTC
2026-07-13 05:12:00  INFO      src.scraping.x_crawler  Fetching INTC prices [2026-07-10T18:11:30+00:00 → 2026-07-10T20:41:30+00:00] for tweet 2075651645350772738
2026-07-13 05:12:00  INFO      src.scraping.x_crawler  Stored 108 price rows for tweet 2075651645350772738.
2026-07-13 05:12:02  INFO      src.scraping.x_crawler  New tweet 2075639741093904546 by @CuriousPejjy (31300 followers) — TSLA
2026-07-13 05:12:02  INFO      src.scraping.x_crawler  Fetching TSLA prices [2026-07-10T17:24:12+00:00 → 2026-07-10T19:54:12+00:00] for tweet 2075639741093904546
2026-07-13 05:12:02  INFO      src.scraping.x_crawler  Stored 149 price rows for tweet 2075639741093904546.
2026-07-13 05:12:05  INFO      src.scraping.x_crawler  New tweet 2075638680761340213 by @daltonbrewer (33200 followers) — TSLA
2026-07-13 05:12:05  INFO      src.scraping.x_crawler  Fetching TSLA prices [2026-07-10T17:19:59+00:00 → 2026-07-10T19:49:59+00:00] for tweet 2075638680761340213
2026-07-13 05:12:05  INFO      src.scraping.x_crawler  Stored 150 price rows for tweet 2075638680761340213.
2026-07-13 05:12:07  INFO      src.scraping.x_crawler  New tweet 2075626606513557755 by @JOBhakdi (38200 followers) — no cashtag
2026-07-13 05:12:09  INFO      src.scraping.x_crawler  New tweet 2075626102526239088 by @CoinvoTrading (58700 followers) — TSLA
2026-07-13 05:12:09  INFO      src.scraping.x_crawler  Fetching TSLA prices [2026-07-10T16:30:00+00:00 → 2026-07-10T19:00:00+00:00] for tweet 2075626102526239088
2026-07-13 05:12:10  INFO      src.scraping.x_crawler  Stored 150 price rows for tweet 2075626102526239088.
2026-07-13 05:12:13  INFO      src.scraping.x_crawler  New tweet 2075624699468399008 by @LunarOptimus (1302 followers) — TSLA
2026-07-13 05:12:13  INFO      src.scraping.x_crawler  Fetching TSLA prices [2026-07-10T16:24:26+00:00 → 2026-07-10T18:54:26+00:00] for tweet 2075624699468399008
2026-07-13 05:12:13  INFO      src.scraping.x_crawler  Stored 149 price rows for tweet 2075624699468399008.
2026-07-13 05:12:15  INFO      src.scraping.x_crawler  New tweet 2075623499109143037 by @rdd147 (10400 followers) — TSLA
2026-07-13 05:12:15  INFO      src.scraping.x_crawler  Fetching TSLA prices [2026-07-10T16:19:40+00:00 → 2026-07-10T18:49:40+00:00] for tweet 2075623499109143037
2026-07-13 05:12:15  INFO      src.scraping.x_crawler  Stored 149 price rows for tweet 2075623499109143037.
2026-07-13 05:12:17  INFO      src.scraping.x_crawler  New tweet 2075621743436464530 by @CuriousPejjy (31300 followers) — TSLA
2026-07-13 05:12:17  INFO      src.scraping.x_crawler  Fetching TSLA prices [2026-07-10T16:12:41+00:00 → 2026-07-10T18:42:41+00:00] for tweet 2075621743436464530
2026-07-13 05:12:17  INFO      src.scraping.x_crawler  Stored 149 price rows for tweet 2075621743436464530.
2026-07-13 05:12:19  INFO      src.scraping.x_crawler  New tweet 2075614688323236013 by @squawksquare (121200 followers) — TSLA
2026-07-13 05:12:19  INFO      src.scraping.x_crawler  Fetching TSLA prices [2026-07-10T15:44:39+00:00 → 2026-07-10T18:14:39+00:00] for tweet 2075614688323236013
2026-07-13 05:12:20  INFO      src.scraping.x_crawler  Stored 149 price rows for tweet 2075614688323236013.
2026-07-13 05:12:22  INFO      src.scraping.x_crawler  New tweet 2075614364694888910 by @squawksquare (121200 followers) — TSLA
2026-07-13 05:12:22  INFO      src.scraping.x_crawler  Fetching TSLA prices [2026-07-10T15:43:22+00:00 → 2026-07-10T18:13:22+00:00] for tweet 2075614364694888910
2026-07-13 05:12:22  INFO      src.scraping.x_crawler  Stored 149 price rows for tweet 2075614364694888910.
2026-07-13 05:12:24  INFO      src.scraping.x_crawler  New tweet 2075614348068717048 by @DillonLoomis (55600 followers) — TSLA
2026-07-13 05:12:24  INFO      src.scraping.x_crawler  Fetching TSLA prices [2026-07-10T15:43:18+00:00 → 2026-07-10T18:13:18+00:00] for tweet 2075614348068717048
2026-07-13 05:12:24  INFO      src.scraping.x_crawler  Stored 149 price rows for tweet 2075614348068717048.
2026-07-13 05:12:26  INFO      src.scraping.x_crawler  New tweet 2075614082619625815 by @squawksquare (121200 followers) — TSLA
2026-07-13 05:12:26  INFO      src.scraping.x_crawler  Fetching TSLA prices [2026-07-10T15:42:14+00:00 → 2026-07-10T18:12:14+00:00] for tweet 2075614082619625815
2026-07-13 05:12:26  INFO      src.scraping.x_crawler  Stored 149 price rows for tweet 2075614082619625815.
2026-07-13 05:12:28  INFO      src.scraping.x_crawler  New tweet 2075612406688927883 by @itsCblast (242200 followers) — TSLA
2026-07-13 05:12:28  INFO      src.scraping.x_crawler  Fetching TSLA prices [2026-07-10T15:35:35+00:00 → 2026-07-10T18:05:35+00:00] for tweet 2075612406688927883
2026-07-13 05:12:28  INFO      src.scraping.x_crawler  Stored 149 price rows for tweet 2075612406688927883.
2026-07-13 05:12:30  INFO      src.scraping.x_crawler  New tweet 2075610193669632068 by @kylaschwaberow (14200 followers) — TSLA
2026-07-13 05:12:30  INFO      src.scraping.x_crawler  Fetching TSLA prices [2026-07-10T15:26:47+00:00 → 2026-07-10T17:56:47+00:00] for tweet 2075610193669632068
2026-07-13 05:12:31  INFO      src.scraping.x_crawler  Stored 149 price rows for tweet 2075610193669632068.
2026-07-13 05:12:33  INFO      src.scraping.x_crawler  New tweet 2075606314185527767 by @TheSonOfWalkley (52400 followers) — TSLA
2026-07-13 05:12:33  INFO      src.scraping.x_crawler  Fetching TSLA prices [2026-07-10T15:11:22+00:00 → 2026-07-10T17:41:22+00:00] for tweet 2075606314185527767
2026-07-13 05:12:33  INFO      src.scraping.x_crawler  Stored 149 price rows for tweet 2075606314185527767.
2026-07-13 05:12:35  INFO      src.scraping.x_crawler  New tweet 2075597857470427394 by @StockMKTNewz (981000 followers) — TSLA
2026-07-13 05:12:35  INFO      src.scraping.x_crawler  Fetching TSLA prices [2026-07-10T14:37:46+00:00 → 2026-07-10T17:07:46+00:00] for tweet 2075597857470427394
2026-07-13 05:12:36  INFO      src.scraping.x_crawler  Stored 149 price rows for tweet 2075597857470427394.
2026-07-13 05:12:38  INFO      src.scraping.x_crawler  New tweet 2075595553581244600 by @Automoto415792 (1342 followers) — no cashtag
2026-07-13 05:12:40  INFO      src.scraping.x_crawler  New tweet 2075592698380345547 by @GrindeOptions (53900 followers) — TSLA
2026-07-13 05:12:40  INFO      src.scraping.x_crawler  Fetching TSLA prices [2026-07-10T14:17:16+00:00 → 2026-07-10T16:47:16+00:00] for tweet 2075592698380345547
2026-07-13 05:12:41  INFO      src.scraping.x_crawler  Stored 149 price rows for tweet 2075592698380345547.
2026-07-13 05:12:43  INFO      src.scraping.x_crawler  New tweet 2075591067592778013 by @GordonJohnson19 (62800 followers) — TSLA
2026-07-13 05:12:43  INFO      src.scraping.x_crawler  Fetching TSLA prices [2026-07-10T14:10:47+00:00 → 2026-07-10T16:40:47+00:00] for tweet 2075591067592778013
2026-07-13 05:12:43  INFO      src.scraping.x_crawler  Stored 149 price rows for tweet 2075591067592778013.
2026-07-13 05:12:46  INFO      src.scraping.x_crawler  New tweet 2075581747987693631 by @InvestingVisual (115300 followers) — TSLA
2026-07-13 05:12:46  INFO      src.scraping.x_crawler  Fetching TSLA prices [2026-07-10T13:33:45+00:00 → 2026-07-10T16:03:45+00:00] for tweet 2075581747987693631
2026-07-13 05:12:46  INFO      src.scraping.x_crawler  Stored 149 price rows for tweet 2075581747987693631.
2026-07-13 05:12:48  INFO      src.scraping.x_crawler  New tweet 2075576888903262268 by @cantonmeow (89200 followers) — TSLA
2026-07-13 05:12:48  INFO      src.scraping.x_crawler  Fetching TSLA prices [2026-07-10T13:14:27+00:00 → 2026-07-10T15:44:27+00:00] for tweet 2075576888903262268
2026-07-13 05:12:48  INFO      src.scraping.x_crawler  Stored 134 price rows for tweet 2075576888903262268.
2026-07-13 05:12:50  INFO      src.scraping.x_crawler  New tweet 2075575427242819912 by @squawksquare (121200 followers) — META
2026-07-13 05:12:50  INFO      src.scraping.x_crawler  Fetching META prices [2026-07-10T13:08:38+00:00 → 2026-07-10T15:38:38+00:00] for tweet 2075575427242819912
2026-07-13 05:12:51  INFO      src.scraping.x_crawler  Stored 128 price rows for tweet 2075575427242819912.
2026-07-13 05:12:53  INFO      src.scraping.x_crawler  New tweet 2075575017438675322 by @Tslachan (66900 followers) — TSLA
2026-07-13 05:12:53  INFO      src.scraping.x_crawler  Fetching TSLA prices [2026-07-10T13:07:01+00:00 → 2026-07-10T15:37:01+00:00] for tweet 2075575017438675322
2026-07-13 05:12:53  INFO      src.scraping.x_crawler  Stored 127 price rows for tweet 2075575017438675322.
2026-07-13 05:12:56  INFO      src.scraping.x_crawler  New tweet 2075574738433232980 by @CuriousPejjy (31300 followers) — TSLA
2026-07-13 05:12:56  INFO      src.scraping.x_crawler  Fetching TSLA prices [2026-07-10T13:05:54+00:00 → 2026-07-10T15:35:54+00:00] for tweet 2075574738433232980
2026-07-13 05:12:56  INFO      src.scraping.x_crawler  Stored 125 price rows for tweet 2075574738433232980.
2026-07-13 05:12:58  INFO      src.scraping.x_crawler  New tweet 2075565745618944344 by @wickedstocks (11700 followers) — TSLA
2026-07-13 05:12:58  INFO      src.scraping.x_crawler  Fetching TSLA prices [2026-07-10T12:30:10+00:00 → 2026-07-10T15:00:10+00:00] for tweet 2075565745618944344
2026-07-13 05:12:59  INFO      src.scraping.x_crawler  Stored 90 price rows for tweet 2075565745618944344.
2026-07-13 05:13:01  INFO      src.scraping.x_crawler  New tweet 2075565060710182917 by @LunarOptimus (1302 followers) — TSLA
2026-07-13 05:13:01  INFO      src.scraping.x_crawler  Fetching TSLA prices [2026-07-10T12:27:27+00:00 → 2026-07-10T14:57:27+00:00] for tweet 2075565060710182917
2026-07-13 05:13:01  INFO      src.scraping.x_crawler  Stored 87 price rows for tweet 2075565060710182917.
2026-07-13 05:13:03  INFO      src.scraping.x_crawler  New tweet 2075562992096178241 by @spacemnke (20600 followers) — META
2026-07-13 05:13:03  INFO      src.scraping.x_crawler  Fetching META prices [2026-07-10T12:19:14+00:00 → 2026-07-10T14:49:14+00:00] for tweet 2075562992096178241
2026-07-13 05:13:03  INFO      src.scraping.x_crawler  Stored 79 price rows for tweet 2075562992096178241.
2026-07-13 05:24:15  INFO      src.scraping.x_crawler  New tweet 2075321943381688427 by @redmercy (78400 followers) — TSLA
2026-07-13 05:24:15  INFO      src.scraping.x_crawler  Fetching TSLA prices [2026-07-09T20:21:23+00:00 → 2026-07-09T22:51:23+00:00] for tweet 2075321943381688427
2026-07-13 05:24:15  ERROR     yfinance  $TSLA: possibly delisted; no price data found  (1m 2026-07-09 20:21:23+00:00 -> 2026-07-09 22:51:23+00:00)
2026-07-13 05:24:15  ERROR     yfinance  
1 Failed download:
2026-07-13 05:24:15  ERROR     yfinance  ['TSLA']: possibly delisted; no price data found  (1m 2026-07-09 20:21:23+00:00 -> 2026-07-09 22:51:23+00:00)
2026-07-13 05:24:15  WARNING   src.scraping.x_crawler  No price data for TSLA in window — symbol may be delisted or yfinance rate-limited.
2026-07-13 05:24:17  INFO      src.scraping.x_crawler  New tweet 2075319881411559665 by @chad_ventures (22500 followers) — TSLA
2026-07-13 05:24:17  INFO      src.scraping.x_crawler  Fetching TSLA prices [2026-07-09T20:13:11+00:00 → 2026-07-09T22:43:11+00:00] for tweet 2075319881411559665
2026-07-13 05:24:17  ERROR     yfinance  $TSLA: possibly delisted; no price data found  (1m 2026-07-09 20:13:11+00:00 -> 2026-07-09 22:43:11+00:00)
2026-07-13 05:24:17  ERROR     yfinance  
1 Failed download:
2026-07-13 05:24:17  ERROR     yfinance  ['TSLA']: possibly delisted; no price data found  (1m 2026-07-09 20:13:11+00:00 -> 2026-07-09 22:43:11+00:00)
2026-07-13 05:24:17  WARNING   src.scraping.x_crawler  No price data for TSLA in window — symbol may be delisted or yfinance rate-limited.
2026-07-13 05:24:31  INFO      src.scraping.x_crawler  New tweet 2075306932458442889 by @TeslaXplored (4023 followers) — TSLA
2026-07-13 05:24:31  INFO      src.scraping.x_crawler  Fetching TSLA prices [2026-07-09T19:21:44+00:00 → 2026-07-09T21:51:44+00:00] for tweet 2075306932458442889
2026-07-13 05:24:31  INFO      src.scraping.x_crawler  Stored 38 price rows for tweet 2075306932458442889.
2026-07-13 05:24:33  INFO      src.scraping.x_crawler  New tweet 2075306506585813108 by @aleabitoreddit (947700 followers) — TSLA
2026-07-13 05:24:33  INFO      src.scraping.x_crawler  Fetching TSLA prices [2026-07-09T19:20:03+00:00 → 2026-07-09T21:50:03+00:00] for tweet 2075306506585813108
2026-07-13 05:24:33  INFO      src.scraping.x_crawler  Stored 39 price rows for tweet 2075306506585813108.
2026-07-13 05:24:36  INFO      src.scraping.x_crawler  New tweet 2075302868765266348 by @Vol888 (16400 followers) — TSLA
2026-07-13 05:24:36  INFO      src.scraping.x_crawler  Fetching TSLA prices [2026-07-09T19:05:35+00:00 → 2026-07-09T21:35:35+00:00] for tweet 2075302868765266348
2026-07-13 05:24:36  INFO      src.scraping.x_crawler  Stored 54 price rows for tweet 2075302868765266348.
2026-07-13 05:24:38  INFO      src.scraping.x_crawler  New tweet 2075297244891226315 by @squawksquare (121200 followers) — AAPL
2026-07-13 05:24:38  INFO      src.scraping.x_crawler  Fetching AAPL prices [2026-07-09T18:43:14+00:00 → 2026-07-09T21:13:14+00:00] for tweet 2075297244891226315
2026-07-13 05:24:38  INFO      src.scraping.x_crawler  Stored 76 price rows for tweet 2075297244891226315.
2026-07-13 05:24:45  INFO      src.scraping.x_crawler  New tweet 2075287147859329141 by @thechartdr (273600 followers) — TSLA
2026-07-13 05:24:45  INFO      src.scraping.x_crawler  Fetching TSLA prices [2026-07-09T18:03:07+00:00 → 2026-07-09T20:33:07+00:00] for tweet 2075287147859329141
2026-07-13 05:24:45  INFO      src.scraping.x_crawler  Stored 116 price rows for tweet 2075287147859329141.
2026-07-13 05:25:06  INFO      src.scraping.x_crawler  New tweet 2075252413984858446 by @CuriousPejjy (31300 followers) — TSLA
2026-07-13 05:25:06  INFO      src.scraping.x_crawler  Fetching TSLA prices [2026-07-09T15:45:06+00:00 → 2026-07-09T18:15:06+00:00] for tweet 2075252413984858446
2026-07-13 05:25:06  INFO      src.scraping.x_crawler  Stored 149 price rows for tweet 2075252413984858446.
2026-07-13 05:25:26  INFO      src.scraping.x_crawler  New tweet 2075217387217944692 by @nishkidoonoo (3016 followers) — TSLA
2026-07-13 05:25:26  INFO      src.scraping.x_crawler  Fetching TSLA prices [2026-07-09T13:25:55+00:00 → 2026-07-09T15:55:55+00:00] for tweet 2075217387217944692
2026-07-13 05:25:26  INFO      src.scraping.x_crawler  Stored 145 price rows for tweet 2075217387217944692.
2026-07-13 05:25:38  INFO      src.scraping.x_crawler  New tweet 2075198889804628175 by @wickedstocks (11700 followers) — TSLA
2026-07-13 05:25:38  INFO      src.scraping.x_crawler  Fetching TSLA prices [2026-07-09T12:12:25+00:00 → 2026-07-09T14:42:25+00:00] for tweet 2075198889804628175
2026-07-13 05:25:38  INFO      src.scraping.x_crawler  Stored 72 price rows for tweet 2075198889804628175.
2026-07-13 05:25:47  INFO      src.scraping.x_crawler  New tweet 2075178713499516994 by @httpsmoolah (6097 followers) — NVDA
2026-07-13 05:25:47  INFO      src.scraping.x_crawler  Fetching NVDA prices [2026-07-09T10:52:14+00:00 → 2026-07-09T13:22:14+00:00] for tweet 2075178713499516994
2026-07-13 05:25:47  ERROR     yfinance  $NVDA: possibly delisted; no price data found  (1m 2026-07-09 10:52:14+00:00 -> 2026-07-09 13:22:14+00:00)
2026-07-13 05:25:47  ERROR     yfinance  
1 Failed download:
2026-07-13 05:25:47  ERROR     yfinance  ['NVDA']: possibly delisted; no price data found  (1m 2026-07-09 10:52:14+00:00 -> 2026-07-09 13:22:14+00:00)
2026-07-13 05:25:47  INFO      src.scraping.x_crawler  No price data for NVDA — markets were closed during this window (2026-07-09 10:52 UTC, outside trading hours (NYSE 09:30–16:00 ET)).
2026-07-13 05:25:52  INFO      src.scraping.x_crawler  New tweet 2075176418040778847 by @LunarOptimus (1303 followers) — TSLA
2026-07-13 05:25:52  INFO      src.scraping.x_crawler  Fetching TSLA prices [2026-07-09T10:43:07+00:00 → 2026-07-09T13:13:07+00:00] for tweet 2075176418040778847
2026-07-13 05:25:52  ERROR     yfinance  $TSLA: possibly delisted; no price data found  (1m 2026-07-09 10:43:07+00:00 -> 2026-07-09 13:13:07+00:00)
2026-07-13 05:25:52  ERROR     yfinance  
1 Failed download:
2026-07-13 05:25:52  ERROR     yfinance  ['TSLA']: possibly delisted; no price data found  (1m 2026-07-09 10:43:07+00:00 -> 2026-07-09 13:13:07+00:00)
2026-07-13 05:25:52  INFO      src.scraping.x_crawler  No price data for TSLA — markets were closed during this window (2026-07-09 10:43 UTC, outside trading hours (NYSE 09:30–16:00 ET)).
2026-07-13 05:41:28  INFO      src.scraping.x_crawler  Navigating to https://x.com/search?q=%23Tesla%20lang%3Aen%20min_faves%3A100%20since%3A2026-01-01&src=typed_query&f=live
2026-07-13 05:55:54  INFO      src.scraping.x_crawler  Scraped 211 tweets for query '#Tesla lang:en min_faves:100 since:2026-01-01'.
2026-07-13 05:55:58  INFO      src.scraping.x_crawler  New tweet 2075968439844581714 by @GerberKawasaki (425400 followers) — no cashtag
2026-07-13 06:13:39  INFO      src.scraping.x_crawler  Navigating to https://x.com/search?q=%23TSLA%20lang%3Aen%20min_faves%3A100%20since%3A2026-01-01&src=typed_query&f=live
2026-07-13 06:28:17  INFO      src.scraping.x_crawler  Scraped 231 tweets for query '#TSLA lang:en min_faves:100 since:2026-01-01'.
2026-07-13 06:28:20  INFO      src.scraping.x_crawler  New tweet 2075999579166605485 by @strengthPlan (18600 followers) — no cashtag
2026-07-13 06:46:43  INFO      src.scraping.x_crawler  Navigating to https://x.com/search?q=%23TeslaStock%20lang%3Aen%20min_faves%3A100%20since%3A2026-01-01&src=typed_query&f=live
2026-07-13 07:00:13  INFO      src.scraping.x_crawler  Scraped 3 tweets for query '#TeslaStock lang:en min_faves:100 since:2026-01-01'.
2026-07-13 07:00:20  INFO      src.scraping.x_crawler  Navigating to https://x.com/search?q=%23ElonMusk%20lang%3Aen%20min_faves%3A100%20since%3A2026-01-01&src=typed_query&f=live
2026-07-13 07:14:27  INFO      src.scraping.x_crawler  Scraped 177 tweets for query '#ElonMusk lang:en min_faves:100 since:2026-01-01'.
2026-07-13 07:14:29  INFO      src.scraping.x_crawler  New tweet 2075692024146084315 by @CCCryptoTrades (2032 followers) — no cashtag
2026-07-13 07:30:48  INFO      src.scraping.x_crawler  Navigating to https://x.com/search?q=%23TeslaEarnings%20lang%3Aen%20min_faves%3A100%20since%3A2026-01-01&src=typed_query&f=live
2026-07-13 07:31:19  WARNING   src.scraping.x_crawler  No tweets loaded for query '#TeslaEarnings lang:en min_faves:100 since:2026-01-01'.
2026-07-13 07:31:19  WARNING   src.scraping.x_crawler  Page title: '(1) #TeslaEarnings lang:en min_faves:100 since:2026-01-01 - Search / X' | URL: https://x.com/search?q=%23TeslaEarnings%20lang%3Aen%20min_faves%3A100%20since%3A2026-01-01&src=typed_query&f=live
2026-07-13 07:31:19  WARNING   src.scraping.x_crawler  Screenshot saved to /tmp/x_debug.png
2026-07-13 07:31:19  INFO      src.scraping.x_crawler  Navigating to https://x.com/search?q=%24BYD%20lang%3Aen%20min_faves%3A100%20since%3A2026-01-01&src=typed_query&f=live
2026-07-13 07:45:06  INFO      src.scraping.x_crawler  Scraped 68 tweets for query '$BYD lang:en min_faves:100 since:2026-01-01'.
2026-07-13 08:31:24  INFO      src.scraping.x_crawler  Navigating to https://x.com/search?q=%23BYD%20lang%3Aen%20min_faves%3A100%20since%3A2026-01-01&src=typed_query&f=live
2026-07-13 08:45:36  INFO      src.scraping.x_crawler  Scraped 67 tweets for query '#BYD lang:en min_faves:100 since:2026-01-01'.
2026-07-13 08:47:53  INFO      src.scraping.x_crawler  Navigating to https://x.com/search?q=%23BYDStock%20lang%3Aen%20min_faves%3A100%20since%3A2026-01-01&src=typed_query&f=live
2026-07-13 08:48:25  WARNING   src.scraping.x_crawler  No tweets loaded for query '#BYDStock lang:en min_faves:100 since:2026-01-01'.
2026-07-13 08:48:25  WARNING   src.scraping.x_crawler  Page title: '(1) #BYDStock lang:en min_faves:100 since:2026-01-01 - Search / X' | URL: https://x.com/search?q=%23BYDStock%20lang%3Aen%20min_faves%3A100%20since%3A2026-01-01&src=typed_query&f=live
2026-07-13 08:48:25  WARNING   src.scraping.x_crawler  Screenshot saved to /tmp/x_debug.png
2026-07-13 08:48:25  INFO      src.scraping.x_crawler  Navigating to https://x.com/search?q=%23BYDEarnings%20lang%3Aen%20min_faves%3A100%20since%3A2026-01-01&src=typed_query&f=live
2026-07-13 08:48:57  WARNING   src.scraping.x_crawler  No tweets loaded for query '#BYDEarnings lang:en min_faves:100 since:2026-01-01'.
2026-07-13 08:48:57  WARNING   src.scraping.x_crawler  Page title: '(1) #BYDEarnings lang:en min_faves:100 since:2026-01-01 - Search / X' | URL: https://x.com/search?q=%23BYDEarnings%20lang%3Aen%20min_faves%3A100%20since%3A2026-01-01&src=typed_query&f=live
2026-07-13 08:48:57  WARNING   src.scraping.x_crawler  Screenshot saved to /tmp/x_debug.png
2026-07-13 08:48:57  INFO      src.scraping.x_crawler  Navigating to https://x.com/search?q=%23BYDElectric%20lang%3Aen%20min_faves%3A100%20since%3A2026-01-01&src=typed_query&f=live
2026-07-13 08:49:29  WARNING   src.scraping.x_crawler  No tweets loaded for query '#BYDElectric lang:en min_faves:100 since:2026-01-01'.
2026-07-13 08:49:29  WARNING   src.scraping.x_crawler  Page title: '(1) #BYDElectric lang:en min_faves:100 since:2026-01-01 - Search / X' | URL: https://x.com/search?q=%23BYDElectric%20lang%3Aen%20min_faves%3A100%20since%3A2026-01-01&src=typed_query&f=live
2026-07-13 08:49:29  WARNING   src.scraping.x_crawler  Screenshot saved to /tmp/x_debug.png
2026-07-13 08:49:29  INFO      src.scraping.x_crawler  Navigating to https://x.com/search?q=%24VOW%20lang%3Aen%20min_faves%3A100%20since%3A2026-01-01&src=typed_query&f=live
2026-07-13 09:03:22  INFO      src.scraping.x_crawler  Scraped 4 tweets for query '$VOW lang:en min_faves:100 since:2026-01-01'.
2026-07-13 09:03:26  INFO      src.scraping.x_crawler  Navigating to https://x.com/search?q=%23Volkswagen%20lang%3Aen%20min_faves%3A100%20since%3A2026-01-01&src=typed_query&f=live
2026-07-13 09:17:21  INFO      src.scraping.x_crawler  Scraped 57 tweets for query '#Volkswagen lang:en min_faves:100 since:2026-01-01'.
2026-07-13 09:19:18  INFO      src.scraping.x_crawler  Navigating to https://x.com/search?q=%23VW%20lang%3Aen%20min_faves%3A100%20since%3A2026-01-01&src=typed_query&f=live
2026-07-13 09:33:19  INFO      src.scraping.x_crawler  Scraped 105 tweets for query '#VW lang:en min_faves:100 since:2026-01-01'.
2026-07-13 09:33:22  INFO      src.scraping.x_crawler  New tweet 2075798051235746249 by @oompherss (1236 followers) — no cashtag
2026-07-13 09:37:33  INFO      src.scraping.x_crawler  Navigating to https://x.com/search?q=%23VWStock%20lang%3Aen%20min_faves%3A100%20since%3A2026-01-01&src=typed_query&f=live
2026-07-13 09:38:05  WARNING   src.scraping.x_crawler  No tweets loaded for query '#VWStock lang:en min_faves:100 since:2026-01-01'.
2026-07-13 09:38:06  WARNING   src.scraping.x_crawler  Page title: '' | URL: https://x.com/search?q=%23VWStock%20lang%3Aen%20min_faves%3A100%20since%3A2026-01-01&src=typed_query&f=live
2026-07-13 09:38:06  WARNING   src.scraping.x_crawler  Screenshot saved to /tmp/x_debug.png
2026-07-13 09:38:06  INFO      src.scraping.x_crawler  Navigating to https://x.com/search?q=%23VWEarnings%20lang%3Aen%20min_faves%3A100%20since%3A2026-01-01&src=typed_query&f=live
2026-07-13 09:38:38  WARNING   src.scraping.x_crawler  No tweets loaded for query '#VWEarnings lang:en min_faves:100 since:2026-01-01'.
2026-07-13 09:38:38  WARNING   src.scraping.x_crawler  Page title: '' | URL: https://x.com/search?q=%23VWEarnings%20lang%3Aen%20min_faves%3A100%20since%3A2026-01-01&src=typed_query&f=live
2026-07-13 09:38:38  WARNING   src.scraping.x_crawler  Screenshot saved to /tmp/x_debug.png
2026-07-13 09:38:38  INFO      src.scraping.x_crawler  Navigating to https://x.com/search?q=%24VOW%20lang%3Ade%20min_faves%3A100%20since%3A2026-01-01&src=typed_query&f=live
2026-07-13 09:39:10  WARNING   src.scraping.x_crawler  No tweets loaded for query '$VOW lang:de min_faves:100 since:2026-01-01'.
2026-07-13 09:39:10  WARNING   src.scraping.x_crawler  Page title: '' | URL: https://x.com/search?q=%24VOW%20lang%3Ade%20min_faves%3A100%20since%3A2026-01-01&src=typed_query&f=live
2026-07-13 09:39:10  WARNING   src.scraping.x_crawler  Screenshot saved to /tmp/x_debug.png
2026-07-13 09:39:10  INFO      src.scraping.x_crawler  Navigating to https://x.com/search?q=%23Volkswagen%20lang%3Ade%20min_faves%3A100%20since%3A2026-01-01&src=typed_query&f=live
2026-07-13 09:39:43  WARNING   src.scraping.x_crawler  No tweets loaded for query '#Volkswagen lang:de min_faves:100 since:2026-01-01'.
2026-07-13 09:39:43  WARNING   src.scraping.x_crawler  Page title: '' | URL: https://x.com/search?q=%23Volkswagen%20lang%3Ade%20min_faves%3A100%20since%3A2026-01-01&src=typed_query&f=live
2026-07-13 09:39:43  WARNING   src.scraping.x_crawler  Screenshot saved to /tmp/x_debug.png
2026-07-13 09:39:43  INFO      src.scraping.x_crawler  Navigating to https://x.com/search?q=%23VW%20lang%3Ade%20min_faves%3A100%20since%3A2026-01-01&src=typed_query&f=live
2026-07-13 09:40:15  WARNING   src.scraping.x_crawler  No tweets loaded for query '#VW lang:de min_faves:100 since:2026-01-01'.
2026-07-13 09:40:15  WARNING   src.scraping.x_crawler  Page title: '' | URL: https://x.com/search?q=%23VW%20lang%3Ade%20min_faves%3A100%20since%3A2026-01-01&src=typed_query&f=live
2026-07-13 09:40:15  WARNING   src.scraping.x_crawler  Screenshot saved to /tmp/x_debug.png
2026-07-13 09:40:15  INFO      src.scraping.x_crawler  Navigating to https://x.com/search?q=%23VWAktie%20lang%3Ade%20min_faves%3A100%20since%3A2026-01-01&src=typed_query&f=live
2026-07-13 09:40:47  WARNING   src.scraping.x_crawler  No tweets loaded for query '#VWAktie lang:de min_faves:100 since:2026-01-01'.
2026-07-13 09:40:47  WARNING   src.scraping.x_crawler  Page title: '' | URL: https://x.com/search?q=%23VWAktie%20lang%3Ade%20min_faves%3A100%20since%3A2026-01-01&src=typed_query&f=live
2026-07-13 09:40:47  WARNING   src.scraping.x_crawler  Screenshot saved to /tmp/x_debug.png
2026-07-13 09:40:47  INFO      src.scraping.x_crawler  Navigating to https://x.com/search?q=%24HYUN%20lang%3Aen%20min_faves%3A100%20since%3A2026-01-01&src=typed_query&f=live
2026-07-13 09:41:17  WARNING   src.scraping.x_crawler  No tweets loaded for query '$HYUN lang:en min_faves:100 since:2026-01-01'.
2026-07-13 09:41:19  WARNING   src.scraping.x_crawler  Page title: '' | URL: https://x.com/search?q=%24HYUN%20lang%3Aen%20min_faves%3A100%20since%3A2026-01-01&src=typed_query&f=live
2026-07-13 09:41:19  WARNING   src.scraping.x_crawler  Screenshot saved to /tmp/x_debug.png
2026-07-13 09:41:19  INFO      src.scraping.x_crawler  Navigating to https://x.com/search?q=%23Hyundai%20lang%3Aen%20min_faves%3A100%20since%3A2026-01-01&src=typed_query&f=live
2026-07-13 09:41:49  WARNING   src.scraping.x_crawler  No tweets loaded for query '#Hyundai lang:en min_faves:100 since:2026-01-01'.
2026-07-13 09:41:49  WARNING   src.scraping.x_crawler  Page title: '' | URL: https://x.com/search?q=%23Hyundai%20lang%3Aen%20min_faves%3A100%20since%3A2026-01-01&src=typed_query&f=live
2026-07-13 09:41:49  WARNING   src.scraping.x_crawler  Screenshot saved to /tmp/x_debug.png
2026-07-13 09:41:49  INFO      src.scraping.x_crawler  Navigating to https://x.com/search?q=%23HyundaiStock%20lang%3Aen%20min_faves%3A100%20since%3A2026-01-01&src=typed_query&f=live
2026-07-13 09:42:21  WARNING   src.scraping.x_crawler  No tweets loaded for query '#HyundaiStock lang:en min_faves:100 since:2026-01-01'.
2026-07-13 09:42:21  WARNING   src.scraping.x_crawler  Page title: '' | URL: https://x.com/search?q=%23HyundaiStock%20lang%3Aen%20min_faves%3A100%20since%3A2026-01-01&src=typed_query&f=live
2026-07-13 09:42:21  WARNING   src.scraping.x_crawler  Screenshot saved to /tmp/x_debug.png
2026-07-13 09:42:21  INFO      src.scraping.x_crawler  Navigating to https://x.com/search?q=%23HyundaiEV%20lang%3Aen%20min_faves%3A100%20since%3A2026-01-01&src=typed_query&f=live
2026-07-13 09:42:53  WARNING   src.scraping.x_crawler  No tweets loaded for query '#HyundaiEV lang:en min_faves:100 since:2026-01-01'.
2026-07-13 09:42:53  WARNING   src.scraping.x_crawler  Page title: '' | URL: https://x.com/search?q=%23HyundaiEV%20lang%3Aen%20min_faves%3A100%20since%3A2026-01-01&src=typed_query&f=live
2026-07-13 09:42:53  WARNING   src.scraping.x_crawler  Screenshot saved to /tmp/x_debug.png
2026-07-13 09:42:53  INFO      src.scraping.x_crawler  Navigating to https://x.com/search?q=%23HyundaiEarnings%20lang%3Aen%20min_faves%3A100%20since%3A2026-01-01&src=typed_query&f=live
2026-07-13 09:43:24  WARNING   src.scraping.x_crawler  No tweets loaded for query '#HyundaiEarnings lang:en min_faves:100 since:2026-01-01'.
2026-07-13 09:43:24  WARNING   src.scraping.x_crawler  Page title: '' | URL: https://x.com/search?q=%23HyundaiEarnings%20lang%3Aen%20min_faves%3A100%20since%3A2026-01-01&src=typed_query&f=live
2026-07-13 09:43:24  WARNING   src.scraping.x_crawler  Screenshot saved to /tmp/x_debug.png
2026-07-13 09:43:24  INFO      src.scraping.x_crawler  Navigating to https://x.com/search?q=%23EnergyStocks%20lang%3Aen%20min_faves%3A100%20since%3A2026-01-01&src=typed_query&f=live
2026-07-13 09:43:56  WARNING   src.scraping.x_crawler  No tweets loaded for query '#EnergyStocks lang:en min_faves:100 since:2026-01-01'.
2026-07-13 09:43:56  WARNING   src.scraping.x_crawler  Page title: '' | URL: https://x.com/search?q=%23EnergyStocks%20lang%3Aen%20min_faves%3A100%20since%3A2026-01-01&src=typed_query&f=live
2026-07-13 09:43:56  WARNING   src.scraping.x_crawler  Screenshot saved to /tmp/x_debug.png
2026-07-13 09:43:56  INFO      src.scraping.x_crawler  Navigating to https://x.com/search?q=%23Energy%20lang%3Aen%20min_faves%3A100%20since%3A2026-01-01&src=typed_query&f=live
2026-07-13 09:44:28  WARNING   src.scraping.x_crawler  No tweets loaded for query '#Energy lang:en min_faves:100 since:2026-01-01'.
2026-07-13 09:44:28  WARNING   src.scraping.x_crawler  Page title: '' | URL: https://x.com/search?q=%23Energy%20lang%3Aen%20min_faves%3A100%20since%3A2026-01-01&src=typed_query&f=live
2026-07-13 09:44:28  WARNING   src.scraping.x_crawler  Screenshot saved to /tmp/x_debug.png
2026-07-13 09:44:28  INFO      src.scraping.x_crawler  Navigating to https://x.com/search?q=%23OilAndGas%20lang%3Aen%20min_faves%3A100%20since%3A2026-01-01&src=typed_query&f=live
2026-07-13 09:45:00  WARNING   src.scraping.x_crawler  No tweets loaded for query '#OilAndGas lang:en min_faves:100 since:2026-01-01'.
2026-07-13 09:45:00  WARNING   src.scraping.x_crawler  Page title: '' | URL: https://x.com/search?q=%23OilAndGas%20lang%3Aen%20min_faves%3A100%20since%3A2026-01-01&src=typed_query&f=live
2026-07-13 09:45:00  WARNING   src.scraping.x_crawler  Screenshot saved to /tmp/x_debug.png
2026-07-13 09:45:00  INFO      src.scraping.x_crawler  Navigating to https://x.com/search?q=%23Gas%20lang%3Aen%20min_faves%3A100%20since%3A2026-01-01&src=typed_query&f=live
2026-07-13 09:45:31  WARNING   src.scraping.x_crawler  No tweets loaded for query '#Gas lang:en min_faves:100 since:2026-01-01'.
2026-07-13 09:45:31  WARNING   src.scraping.x_crawler  Page title: '' | URL: https://x.com/search?q=%23Gas%20lang%3Aen%20min_faves%3A100%20since%3A2026-01-01&src=typed_query&f=live
2026-07-13 09:45:31  WARNING   src.scraping.x_crawler  Screenshot saved to /tmp/x_debug.png
2026-07-13 09:45:31  INFO      src.scraping.x_crawler  Navigating to https://x.com/search?q=%23Oil%20lang%3Aen%20min_faves%3A100%20since%3A2026-01-01&src=typed_query&f=live
2026-07-13 09:46:03  WARNING   src.scraping.x_crawler  No tweets loaded for query '#Oil lang:en min_faves:100 since:2026-01-01'.
2026-07-13 09:46:03  WARNING   src.scraping.x_crawler  Page title: '' | URL: https://x.com/search?q=%23Oil%20lang%3Aen%20min_faves%3A100%20since%3A2026-01-01&src=typed_query&f=live
2026-07-13 09:46:03  WARNING   src.scraping.x_crawler  Screenshot saved to /tmp/x_debug.png
2026-07-13 09:46:03  INFO      src.scraping.x_crawler  Navigating to https://x.com/search?q=%23Petrol%20lang%3Aen%20min_faves%3A100%20since%3A2026-01-01&src=typed_query&f=live
2026-07-13 09:46:34  WARNING   src.scraping.x_crawler  No tweets loaded for query '#Petrol lang:en min_faves:100 since:2026-01-01'.
2026-07-13 09:46:34  WARNING   src.scraping.x_crawler  Page title: '' | URL: https://x.com/search?q=%23Petrol%20lang%3Aen%20min_faves%3A100%20since%3A2026-01-01&src=typed_query&f=live
2026-07-13 09:46:34  WARNING   src.scraping.x_crawler  Screenshot saved to /tmp/x_debug.png
2026-07-13 09:46:34  INFO      src.scraping.x_crawler  Navigating to https://x.com/search?q=%23PetrolPrices%20lang%3Aen%20min_faves%3A100%20since%3A2026-01-01&src=typed_query&f=live
2026-07-13 09:47:06  WARNING   src.scraping.x_crawler  No tweets loaded for query '#PetrolPrices lang:en min_faves:100 since:2026-01-01'.
2026-07-13 09:47:06  WARNING   src.scraping.x_crawler  Page title: '' | URL: https://x.com/search?q=%23PetrolPrices%20lang%3Aen%20min_faves%3A100%20since%3A2026-01-01&src=typed_query&f=live
2026-07-13 09:47:06  WARNING   src.scraping.x_crawler  Screenshot saved to /tmp/x_debug.png
2026-07-13 09:47:06  INFO      src.scraping.x_crawler  Navigating to https://x.com/search?q=%23Petroleum%20lang%3Aen%20min_faves%3A100%20since%3A2026-01-01&src=typed_query&f=live
2026-07-13 09:47:38  WARNING   src.scraping.x_crawler  No tweets loaded for query '#Petroleum lang:en min_faves:100 since:2026-01-01'.
2026-07-13 09:47:38  WARNING   src.scraping.x_crawler  Page title: '' | URL: https://x.com/search?q=%23Petroleum%20lang%3Aen%20min_faves%3A100%20since%3A2026-01-01&src=typed_query&f=live
2026-07-13 09:47:38  WARNING   src.scraping.x_crawler  Screenshot saved to /tmp/x_debug.png
2026-07-13 09:47:38  INFO      src.scraping.x_crawler  Navigating to https://x.com/search?q=%23PetroleumPrices%20lang%3Aen%20min_faves%3A100%20since%3A2026-01-01&src=typed_query&f=live
2026-07-13 09:48:09  WARNING   src.scraping.x_crawler  No tweets loaded for query '#PetroleumPrices lang:en min_faves:100 since:2026-01-01'.
2026-07-13 09:48:09  WARNING   src.scraping.x_crawler  Page title: '' | URL: https://x.com/search?q=%23PetroleumPrices%20lang%3Aen%20min_faves%3A100%20since%3A2026-01-01&src=typed_query&f=live
2026-07-13 09:48:09  WARNING   src.scraping.x_crawler  Screenshot saved to /tmp/x_debug.png
2026-07-13 09:48:09  INFO      src.scraping.x_crawler  Navigating to https://x.com/search?q=%23OilMajors%20lang%3Aen%20min_faves%3A100%20since%3A2026-01-01&src=typed_query&f=live
2026-07-13 09:48:40  WARNING   src.scraping.x_crawler  No tweets loaded for query '#OilMajors lang:en min_faves:100 since:2026-01-01'.
2026-07-13 09:48:40  WARNING   src.scraping.x_crawler  Page title: '' | URL: https://x.com/search?q=%23OilMajors%20lang%3Aen%20min_faves%3A100%20since%3A2026-01-01&src=typed_query&f=live
2026-07-13 09:48:40  WARNING   src.scraping.x_crawler  Screenshot saved to /tmp/x_debug.png
2026-07-13 09:48:40  INFO      src.scraping.x_crawler  Navigating to https://x.com/search?q=%23EnergyEarnings%20lang%3Aen%20min_faves%3A100%20since%3A2026-01-01&src=typed_query&f=live
2026-07-13 09:49:12  WARNING   src.scraping.x_crawler  No tweets loaded for query '#EnergyEarnings lang:en min_faves:100 since:2026-01-01'.
2026-07-13 09:49:12  WARNING   src.scraping.x_crawler  Page title: '(1) #EnergyEarnings lang:en min_faves:100 since:2026-01-01 - Search / X' | URL: https://x.com/search?q=%23EnergyEarnings%20lang%3Aen%20min_faves%3A100%20since%3A2026-01-01&src=typed_query&f=live
2026-07-13 09:49:12  WARNING   src.scraping.x_crawler  Screenshot saved to /tmp/x_debug.png
2026-07-13 09:49:12  INFO      src.scraping.x_crawler  Navigating to https://x.com/search?q=%23HeatPump%20lang%3Aen%20min_faves%3A100%20since%3A2026-01-01&src=typed_query&f=live
2026-07-13 10:02:25  INFO      src.scraping.x_crawler  Scraped 2 tweets for query '#HeatPump lang:en min_faves:100 since:2026-01-01'.
2026-07-13 10:02:28  INFO      src.scraping.x_crawler  New tweet 2075185648089039224 by @denipantyhose (8525 followers) — no cashtag
2026-07-13 10:02:30  INFO      src.scraping.x_crawler  Navigating to https://x.com/search?q=%23W%C3%A4rmepumpe%20lang%3Ade%20min_faves%3A100%20since%3A2026-01-01&src=typed_query&f=live
2026-07-13 10:16:55  INFO      src.scraping.x_crawler  Scraped 62 tweets for query '#Wärmepumpe lang:de min_faves:100 since:2026-01-01'.
2026-07-13 10:19:06  INFO      src.scraping.x_crawler  Navigating to https://x.com/search?q=%23Energiewende%20lang%3Ade%20min_faves%3A100%20since%3A2026-01-01&src=typed_query&f=live
2026-07-13 10:33:49  INFO      src.scraping.x_crawler  Scraped 238 tweets for query '#Energiewende lang:de min_faves:100 since:2026-01-01'.
2026-07-13 11:00:20  INFO      src.scraping.x_crawler  Navigating to https://x.com/search?q=%23ClimateChange%20lang%3Aen%20min_faves%3A100%20since%3A2026-01-01&src=typed_query&f=live
2026-07-13 11:00:52  WARNING   src.scraping.x_crawler  No tweets loaded for query '#ClimateChange lang:en min_faves:100 since:2026-01-01'.
2026-07-13 11:00:52  WARNING   src.scraping.x_crawler  Page title: '' | URL: https://x.com/search?q=%23ClimateChange%20lang%3Aen%20min_faves%3A100%20since%3A2026-01-01&src=typed_query&f=live
2026-07-13 11:00:52  WARNING   src.scraping.x_crawler  Screenshot saved to /tmp/x_debug.png
2026-07-13 11:00:52  INFO      src.scraping.x_crawler  Navigating to https://x.com/search?q=%23EVs%20lang%3Aen%20min_faves%3A100%20since%3A2026-01-01&src=typed_query&f=live
2026-07-13 11:01:24  WARNING   src.scraping.x_crawler  No tweets loaded for query '#EVs lang:en min_faves:100 since:2026-01-01'.
2026-07-13 11:01:24  WARNING   src.scraping.x_crawler  Page title: '' | URL: https://x.com/search?q=%23EVs%20lang%3Aen%20min_faves%3A100%20since%3A2026-01-01&src=typed_query&f=live
2026-07-13 11:01:24  WARNING   src.scraping.x_crawler  Screenshot saved to /tmp/x_debug.png
2026-07-13 11:01:24  INFO      src.scraping.x_crawler  Navigating to https://x.com/search?q=%23eauto%20lang%3Ade%20min_faves%3A100%20since%3A2026-01-01&src=typed_query&f=live
2026-07-13 11:01:56  WARNING   src.scraping.x_crawler  No tweets loaded for query '#eauto lang:de min_faves:100 since:2026-01-01'.
2026-07-13 11:01:56  WARNING   src.scraping.x_crawler  Page title: '' | URL: https://x.com/search?q=%23eauto%20lang%3Ade%20min_faves%3A100%20since%3A2026-01-01&src=typed_query&f=live
2026-07-13 11:01:56  WARNING   src.scraping.x_crawler  Screenshot saved to /tmp/x_debug.png
2026-07-13 11:01:56  INFO      src.scraping.x_crawler  Navigating to https://x.com/search?q=%23elektroauto%20lang%3Ade%20min_faves%3A100%20since%3A2026-01-01&src=typed_query&f=live
2026-07-13 11:02:26  WARNING   src.scraping.x_crawler  No tweets loaded for query '#elektroauto lang:de min_faves:100 since:2026-01-01'.
2026-07-13 11:02:26  WARNING   src.scraping.x_crawler  Page title: '' | URL: https://x.com/search?q=%23elektroauto%20lang%3Ade%20min_faves%3A100%20since%3A2026-01-01&src=typed_query&f=live
2026-07-13 11:02:26  WARNING   src.scraping.x_crawler  Screenshot saved to /tmp/x_debug.png
2026-07-13 11:02:26  INFO      src.scraping.x_crawler  Navigating to https://x.com/search?q=%23ElectricVehicles%20lang%3Aen%20min_faves%3A100%20since%3A2026-01-01&src=typed_query&f=live
2026-07-13 11:02:59  WARNING   src.scraping.x_crawler  No tweets loaded for query '#ElectricVehicles lang:en min_faves:100 since:2026-01-01'.
2026-07-13 11:02:59  WARNING   src.scraping.x_crawler  Page title: '' | URL: https://x.com/search?q=%23ElectricVehicles%20lang%3Aen%20min_faves%3A100%20since%3A2026-01-01&src=typed_query&f=live
2026-07-13 11:02:59  WARNING   src.scraping.x_crawler  Screenshot saved to /tmp/x_debug.png
2026-07-13 11:02:59  INFO      src.scraping.x_crawler  Navigating to https://x.com/search?q=%23ElectricCar%20lang%3Aen%20min_faves%3A100%20since%3A2026-01-01&src=typed_query&f=live
2026-07-13 11:03:31  WARNING   src.scraping.x_crawler  No tweets loaded for query '#ElectricCar lang:en min_faves:100 since:2026-01-01'.
2026-07-13 11:03:31  WARNING   src.scraping.x_crawler  Page title: '' | URL: https://x.com/search?q=%23ElectricCar%20lang%3Aen%20min_faves%3A100%20since%3A2026-01-01&src=typed_query&f=live
2026-07-13 11:03:31  WARNING   src.scraping.x_crawler  Screenshot saved to /tmp/x_debug.png
2026-07-13 11:03:31  INFO      src.scraping.x_crawler  Navigating to https://x.com/search?q=%23AutoIndustry%20lang%3Aen%20min_faves%3A100%20since%3A2026-01-01&src=typed_query&f=live
2026-07-13 11:04:03  WARNING   src.scraping.x_crawler  No tweets loaded for query '#AutoIndustry lang:en min_faves:100 since:2026-01-01'.
2026-07-13 11:04:03  WARNING   src.scraping.x_crawler  Page title: '' | URL: https://x.com/search?q=%23AutoIndustry%20lang%3Aen%20min_faves%3A100%20since%3A2026-01-01&src=typed_query&f=live
2026-07-13 11:04:03  WARNING   src.scraping.x_crawler  Screenshot saved to /tmp/x_debug.png
2026-07-13 11:04:03  INFO      src.scraping.x_crawler  Navigating to https://x.com/search?q=%23CarStocks%20lang%3Aen%20min_faves%3A100%20since%3A2026-01-01&src=typed_query&f=live
2026-07-13 11:04:35  WARNING   src.scraping.x_crawler  No tweets loaded for query '#CarStocks lang:en min_faves:100 since:2026-01-01'.
2026-07-13 11:04:35  WARNING   src.scraping.x_crawler  Page title: '(1) #CarStocks lang:en min_faves:100 since:2026-01-01 - Search / X' | URL: https://x.com/search?q=%23CarStocks%20lang%3Aen%20min_faves%3A100%20since%3A2026-01-01&src=typed_query&f=live
2026-07-13 11:04:35  WARNING   src.scraping.x_crawler  Screenshot saved to /tmp/x_debug.png
2026-07-13 11:04:35  INFO      src.scraping.x_crawler  Navigating to https://x.com/search?q=%23Economy%20lang%3Aen%20min_faves%3A100%20since%3A2026-01-01&src=typed_query&f=live
2026-07-13 11:19:27  INFO      src.scraping.x_crawler  Scraped 272 tweets for query '#Economy lang:en min_faves:100 since:2026-01-01'.
2026-07-13 11:19:30  INFO      src.scraping.x_crawler  New tweet 2076399848086221044 by @elerianm (990900 followers) — no cashtag
2026-07-13 11:19:32  INFO      src.scraping.x_crawler  New tweet 2076007123872264304 by @elerianm (990900 followers) — no cashtag
2026-07-13 11:19:38  INFO      src.scraping.x_crawler  New tweet 2074785489836757155 by @asiapost66 (1142 followers) — no cashtag
2026-07-13 11:19:40  INFO      src.scraping.x_crawler  New tweet 2074758761936265720 by @proud_diplomat (5420 followers) — no cashtag
2026-07-13 11:19:42  INFO      src.scraping.x_crawler  New tweet 2074479847062024306 by @JackMorgan_RLP (2843 followers) — no cashtag
2026-07-13 11:19:44  INFO      src.scraping.x_crawler  New tweet 2074164765568401721 by @elerianm (990900 followers) — no cashtag
2026-07-13 11:19:46  INFO      src.scraping.x_crawler  New tweet 2074102974956122118 by @elerianm (990900 followers) — no cashtag
2026-07-13 11:50:18  INFO      src.scraping.x_crawler  Navigating to https://x.com/search?q=%23BusinessCycle%20lang%3Aen%20min_faves%3A100%20since%3A2026-01-01&src=typed_query&f=live
2026-07-13 11:50:50  WARNING   src.scraping.x_crawler  No tweets loaded for query '#BusinessCycle lang:en min_faves:100 since:2026-01-01'.
2026-07-13 11:50:50  WARNING   src.scraping.x_crawler  Page title: '(1) #BusinessCycle lang:en min_faves:100 since:2026-01-01 - Search / X' | URL: https://x.com/search?q=%23BusinessCycle%20lang%3Aen%20min_faves%3A100%20since%3A2026-01-01&src=typed_query&f=live
2026-07-13 11:50:50  WARNING   src.scraping.x_crawler  Screenshot saved to /tmp/x_debug.png
2026-07-13 11:50:50  INFO      src.scraping.x_crawler  Navigating to https://x.com/search?q=%23EconomicCycle%20lang%3Aen%20min_faves%3A100%20since%3A2026-01-01&src=typed_query&f=live
2026-07-13 11:51:22  WARNING   src.scraping.x_crawler  No tweets loaded for query '#EconomicCycle lang:en min_faves:100 since:2026-01-01'.
2026-07-13 11:51:22  WARNING   src.scraping.x_crawler  Page title: '(1) #EconomicCycle lang:en min_faves:100 since:2026-01-01 - Search / X' | URL: https://x.com/search?q=%23EconomicCycle%20lang%3Aen%20min_faves%3A100%20since%3A2026-01-01&src=typed_query&f=live
2026-07-13 11:51:22  WARNING   src.scraping.x_crawler  Screenshot saved to /tmp/x_debug.png
2026-07-13 11:51:22  INFO      src.scraping.x_crawler  Navigating to https://x.com/search?q=%23Company%20lang%3Aen%20min_faves%3A100%20since%3A2026-01-01&src=typed_query&f=live
2026-07-13 12:05:26  INFO      src.scraping.x_crawler  Scraped 9 tweets for query '#Company lang:en min_faves:100 since:2026-01-01'.
2026-07-13 12:05:45  INFO      src.scraping.x_crawler  Navigating to https://x.com/search?q=%23Corporation%20lang%3Aen%20min_faves%3A100%20since%3A2026-01-01&src=typed_query&f=live
2026-07-13 12:19:14  INFO      src.scraping.x_crawler  Scraped 1 tweets for query '#Corporation lang:en min_faves:100 since:2026-01-01'.
2026-07-13 12:19:18  INFO      src.scraping.x_crawler  Navigating to https://x.com/search?q=%23QuarterlyEarnings%20lang%3Aen%20min_faves%3A100%20since%3A2026-01-01&src=typed_query&f=live
2026-07-13 12:19:50  WARNING   src.scraping.x_crawler  No tweets loaded for query '#QuarterlyEarnings lang:en min_faves:100 since:2026-01-01'.
2026-07-13 12:19:50  WARNING   src.scraping.x_crawler  Page title: '(1) #QuarterlyEarnings lang:en min_faves:100 since:2026-01-01 - Search / X' | URL: https://x.com/search?q=%23QuarterlyEarnings%20lang%3Aen%20min_faves%3A100%20since%3A2026-01-01&src=typed_query&f=live
2026-07-13 12:19:50  WARNING   src.scraping.x_crawler  Screenshot saved to /tmp/x_debug.png
2026-07-13 12:19:50  INFO      src.scraping.x_crawler  Navigating to https://x.com/search?q=%23EarningsSeason%20lang%3Aen%20min_faves%3A100%20since%3A2026-01-01&src=typed_query&f=live
2026-07-13 12:33:51  INFO      src.scraping.x_crawler  Scraped 4 tweets for query '#EarningsSeason lang:en min_faves:100 since:2026-01-01'.
2026-07-13 12:33:56  INFO      src.scraping.x_crawler  Navigating to https://x.com/search?q=%23Profit%20lang%3Aen%20min_faves%3A100%20since%3A2026-01-01&src=typed_query&f=live
2026-07-13 12:48:19  INFO      src.scraping.x_crawler  Scraped 8 tweets for query '#Profit lang:en min_faves:100 since:2026-01-01'.
2026-07-13 12:48:35  INFO      src.scraping.x_crawler  Navigating to https://x.com/search?q=%23Earnings%20lang%3Aen%20min_faves%3A100%20since%3A2026-01-01&src=typed_query&f=live
2026-07-13 13:03:33  INFO      src.scraping.x_crawler  Scraped 231 tweets for query '#Earnings lang:en min_faves:100 since:2026-01-01'.
2026-07-13 13:03:35  INFO      src.scraping.x_crawler  New tweet 2075569407628030027 by @earnings_guy (62900 followers) — FBK
2026-07-13 13:03:35  INFO      src.scraping.x_crawler  Fetching FBK prices [2026-07-10T12:44:43+00:00 → 2026-07-10T15:14:43+00:00] for tweet 2075569407628030027
2026-07-13 13:03:36  INFO      src.scraping.x_crawler  Stored 39 price rows for tweet 2075569407628030027.
2026-07-13 13:22:18  INFO      src.scraping.x_crawler  Navigating to https://x.com/search?q=%23NetLoss%20lang%3Aen%20min_faves%3A100%20since%3A2026-01-01&src=typed_query&f=live
2026-07-13 13:22:50  WARNING   src.scraping.x_crawler  No tweets loaded for query '#NetLoss lang:en min_faves:100 since:2026-01-01'.
2026-07-13 13:22:50  WARNING   src.scraping.x_crawler  Page title: '(1) #NetLoss lang:en min_faves:100 since:2026-01-01 - Search / X' | URL: https://x.com/search?q=%23NetLoss%20lang%3Aen%20min_faves%3A100%20since%3A2026-01-01&src=typed_query&f=live
2026-07-13 13:22:50  WARNING   src.scraping.x_crawler  Screenshot saved to /tmp/x_debug.png
2026-07-13 13:22:50  INFO      src.scraping.x_crawler  Navigating to https://x.com/search?q=%23Forecast%20lang%3Aen%20min_faves%3A100%20since%3A2026-01-01&src=typed_query&f=live
2026-07-13 13:37:07  INFO      src.scraping.x_crawler  Scraped 7 tweets for query '#Forecast lang:en min_faves:100 since:2026-01-01'.
2026-07-13 13:37:25  INFO      src.scraping.x_crawler  Navigating to https://x.com/search?q=%23Guidance%20lang%3Aen%20min_faves%3A100%20since%3A2026-01-01&src=typed_query&f=live
2026-07-13 13:51:06  INFO      src.scraping.x_crawler  Scraped 2 tweets for query '#Guidance lang:en min_faves:100 since:2026-01-01'.
2026-07-13 13:51:11  INFO      src.scraping.x_crawler  Navigating to https://x.com/search?q=%23Outlook%20lang%3Aen%20min_faves%3A100%20since%3A2026-01-01&src=typed_query&f=live
2026-07-13 14:05:20  INFO      src.scraping.x_crawler  Scraped 5 tweets for query '#Outlook lang:en min_faves:100 since:2026-01-01'.
2026-07-13 14:05:31  INFO      src.scraping.x_crawler  Navigating to https://x.com/search?q=%23EconomicGrowth%20lang%3Aen%20min_faves%3A100%20since%3A2026-01-01&src=typed_query&f=live
2026-07-13 14:19:27  INFO      src.scraping.x_crawler  Scraped 20 tweets for query '#EconomicGrowth lang:en min_faves:100 since:2026-01-01'.
2026-07-13 14:20:03  INFO      src.scraping.x_crawler  Navigating to https://x.com/search?q=%23GDP%20lang%3Aen%20min_faves%3A100%20since%3A2026-01-01&src=typed_query&f=live
2026-07-13 14:34:16  INFO      src.scraping.x_crawler  Scraped 52 tweets for query '#GDP lang:en min_faves:100 since:2026-01-01'.
2026-07-13 14:36:07  INFO      src.scraping.x_crawler  Navigating to https://x.com/search?q=%23GlobalEconomy%20lang%3Aen%20min_faves%3A100%20since%3A2026-01-01&src=typed_query&f=live
2026-07-13 14:50:01  INFO      src.scraping.x_crawler  Scraped 16 tweets for query '#GlobalEconomy lang:en min_faves:100 since:2026-01-01'.
2026-07-13 14:50:24  INFO      src.scraping.x_crawler  Navigating to https://x.com/search?q=%23WorldEconomy%20lang%3Aen%20min_faves%3A100%20since%3A2026-01-01&src=typed_query&f=live
2026-07-13 15:04:06  INFO      src.scraping.x_crawler  Scraped 3 tweets for query '#WorldEconomy lang:en min_faves:100 since:2026-01-01'.
2026-07-13 15:04:13  INFO      src.scraping.x_crawler  Navigating to https://x.com/search?q=%23FinancialResults%20lang%3Aen%20min_faves%3A100%20since%3A2026-01-01&src=typed_query&f=live
2026-07-13 15:04:45  WARNING   src.scraping.x_crawler  No tweets loaded for query '#FinancialResults lang:en min_faves:100 since:2026-01-01'.
2026-07-13 15:04:45  WARNING   src.scraping.x_crawler  Page title: '(1) #FinancialResults lang:en min_faves:100 since:2026-01-01 - Search / X' | URL: https://x.com/search?q=%23FinancialResults%20lang%3Aen%20min_faves%3A100%20since%3A2026-01-01&src=typed_query&f=live
2026-07-13 15:04:45  WARNING   src.scraping.x_crawler  Screenshot saved to /tmp/x_debug.png
2026-07-13 15:04:45  INFO      src.scraping.x_crawler  Navigating to https://x.com/search?q=%23BalanceSheet%20lang%3Aen%20min_faves%3A100%20since%3A2026-01-01&src=typed_query&f=live
2026-07-13 15:05:17  WARNING   src.scraping.x_crawler  No tweets loaded for query '#BalanceSheet lang:en min_faves:100 since:2026-01-01'.
2026-07-13 15:05:17  WARNING   src.scraping.x_crawler  Page title: '(1) #BalanceSheet lang:en min_faves:100 since:2026-01-01 - Search / X' | URL: https://x.com/search?q=%23BalanceSheet%20lang%3Aen%20min_faves%3A100%20since%3A2026-01-01&src=typed_query&f=live
2026-07-13 15:05:17  WARNING   src.scraping.x_crawler  Screenshot saved to /tmp/x_debug.png
2026-07-13 15:05:17  INFO      src.scraping.x_crawler  Navigating to https://x.com/search?q=%23Revenue%20lang%3Aen%20min_faves%3A100%20since%3A2026-01-01&src=typed_query&f=live
2026-07-13 15:19:03  INFO      src.scraping.x_crawler  Scraped 6 tweets for query '#Revenue lang:en min_faves:100 since:2026-01-01'.
2026-07-13 15:19:15  INFO      src.scraping.x_crawler  Navigating to https://x.com/search?q=%23Sales%20lang%3Aen%20min_faves%3A100%20since%3A2026-01-01&src=typed_query&f=live
2026-07-13 15:33:33  INFO      src.scraping.x_crawler  Scraped 6 tweets for query '#Sales lang:en min_faves:100 since:2026-01-01'.
2026-07-13 15:33:47  INFO      src.scraping.x_crawler  Navigating to https://x.com/search?q=%23CorporateGrowth%20lang%3Aen%20min_faves%3A100%20since%3A2026-01-01&src=typed_query&f=live
2026-07-13 15:34:17  WARNING   src.scraping.x_crawler  No tweets loaded for query '#CorporateGrowth lang:en min_faves:100 since:2026-01-01'.
2026-07-13 15:34:17  WARNING   src.scraping.x_crawler  Page title: '(1) #CorporateGrowth lang:en min_faves:100 since:2026-01-01 - Search / X' | URL: https://x.com/search?q=%23CorporateGrowth%20lang%3Aen%20min_faves%3A100%20since%3A2026-01-01&src=typed_query&f=live
2026-07-13 15:34:17  WARNING   src.scraping.x_crawler  Screenshot saved to /tmp/x_debug.png
2026-07-13 15:34:17  INFO      src.scraping.x_crawler  Navigating to https://x.com/search?q=%23PreciousMetals%20lang%3Aen%20min_faves%3A100%20since%3A2026-01-01&src=typed_query&f=live
2026-07-13 15:48:25  INFO      src.scraping.x_crawler  Scraped 85 tweets for query '#PreciousMetals lang:en min_faves:100 since:2026-01-01'.
2026-07-13 15:51:20  INFO      src.scraping.x_crawler  Navigating to https://x.com/search?q=%23Gold%20lang%3Aen%20min_faves%3A100%20since%3A2026-01-01&src=typed_query&f=live
2026-07-13 16:06:05  INFO      src.scraping.x_crawler  Scraped 290 tweets for query '#Gold lang:en min_faves:100 since:2026-01-01'.
2026-07-13 16:06:08  INFO      src.scraping.x_crawler  New tweet 2076518957079536001 by @LTteam_8 (124 followers) — no cashtag
2026-07-13 16:06:10  INFO      src.scraping.x_crawler  New tweet 2076510551149351301 by @DealsDhamaka (60800 followers) — no cashtag
2026-07-13 16:06:12  INFO      src.scraping.x_crawler  New tweet 2076450061299351738 by @MBAeconomics1 (14500 followers) — no cashtag
2026-07-13 16:06:14  INFO      src.scraping.x_crawler  New tweet 2076134932855116125 by @sm_nguyen (7904 followers) — no cashtag
2026-07-13 16:06:16  INFO      src.scraping.x_crawler  New tweet 2075964304877330658 by @ForexTrader_786 (444 followers) — GOLD
2026-07-13 16:06:16  INFO      src.scraping.x_crawler  Fetching GOLD prices [2026-07-11T14:53:54+00:00 → 2026-07-11T17:23:54+00:00] for tweet 2075964304877330658
2026-07-13 16:06:16  ERROR     yfinance  $GOLD: possibly delisted; no price data found  (1m 2026-07-11 14:53:54+00:00 -> 2026-07-11 17:23:54+00:00)
2026-07-13 16:06:16  ERROR     yfinance  
1 Failed download:
2026-07-13 16:06:16  ERROR     yfinance  ['GOLD']: possibly delisted; no price data found  (1m 2026-07-11 14:53:54+00:00 -> 2026-07-11 17:23:54+00:00)
2026-07-13 16:06:16  INFO      src.scraping.x_crawler  No price data for GOLD — markets were closed during this window (2026-07-11 14:53 UTC, weekend).
2026-07-13 16:06:19  INFO      src.scraping.x_crawler  New tweet 2075961670456037659 by @umakanthonline (8346 followers) — no cashtag
2026-07-13 16:06:23  INFO      src.scraping.x_crawler  New tweet 2075931981385187613 by @DavidLe76335983 (30300 followers) — no cashtag
2026-07-13 16:06:25  INFO      src.scraping.x_crawler  New tweet 2075918147639804341 by @Safia_SultanaFx (3763 followers) — no cashtag
2026-07-13 16:06:27  INFO      src.scraping.x_crawler  New tweet 2075874315107545309 by @Dioclet54046121 (16000 followers) — no cashtag
2026-07-13 16:06:29  INFO      src.scraping.x_crawler  New tweet 2075871030732579018 by @GoldPredictors (29600 followers) — no cashtag
2026-07-13 16:06:31  INFO      src.scraping.x_crawler  New tweet 2075848486294319182 by @manerhushi123 (37100 followers) — no cashtag
2026-07-13 16:06:33  INFO      src.scraping.x_crawler  New tweet 2075788681785303107 by @MBAeconomics1 (14500 followers) — no cashtag
2026-07-13 16:06:36  INFO      src.scraping.x_crawler  New tweet 2075784308175085717 by @Guv999 (20700 followers) — GLD
2026-07-13 16:06:36  INFO      src.scraping.x_crawler  Fetching GLD prices [2026-07-11T02:58:39+00:00 → 2026-07-11T05:28:39+00:00] for tweet 2075784308175085717
2026-07-13 16:06:36  ERROR     yfinance  $GLD: possibly delisted; no price data found  (1m 2026-07-11 02:58:39+00:00 -> 2026-07-11 05:28:39+00:00)
2026-07-13 16:06:36  ERROR     yfinance  
1 Failed download:
2026-07-13 16:06:36  ERROR     yfinance  ['GLD']: possibly delisted; no price data found  (1m 2026-07-11 02:58:39+00:00 -> 2026-07-11 05:28:39+00:00)
2026-07-13 16:06:36  INFO      src.scraping.x_crawler  No price data for GLD — markets were closed during this window (2026-07-11 02:58 UTC, weekend).
2026-07-13 16:06:39  INFO      src.scraping.x_crawler  New tweet 2075757942876315666 by @KitcoNewsNOW (135200 followers) — no cashtag
2026-07-13 16:06:41  INFO      src.scraping.x_crawler  New tweet 2075643716304576665 by @PrimeXBT (404900 followers) — no cashtag
2026-07-13 16:06:43  INFO      src.scraping.x_crawler  New tweet 2075617502890020993 by @MBAeconomics1 (14500 followers) — no cashtag
2026-07-13 16:06:45  INFO      src.scraping.x_crawler  New tweet 2075617104636608624 by @Dioclet54046121 (16000 followers) — no cashtag
2026-07-13 16:06:47  INFO      src.scraping.x_crawler  New tweet 2075590868568805860 by @silvertrade (79700 followers) — no cashtag
2026-07-13 16:06:49  INFO      src.scraping.x_crawler  New tweet 2075583912030634482 by @umakanthonline (8346 followers) — no cashtag
2026-07-13 16:06:53  INFO      src.scraping.x_crawler  New tweet 2075552323334721819 by @MushahidHu54916 (3911 followers) — no cashtag
2026-07-13 16:06:57  INFO      src.scraping.x_crawler  New tweet 2075550931404640742 by @SasiTrader (15900 followers) — no cashtag
2026-07-13 16:06:59  INFO      src.scraping.x_crawler  New tweet 2075516778180972627 by @GoldPredictors (29600 followers) — no cashtag
2026-07-13 16:07:05  INFO      src.scraping.x_crawler  New tweet 2075418489679204403 by @ManishB79013135 (28100 followers) — no cashtag
2026-07-13 16:37:37  INFO      src.scraping.x_crawler  Navigating to https://x.com/search?q=%23Silver%20lang%3Aen%20min_faves%3A100%20since%3A2026-01-01&src=typed_query&f=live
2026-07-13 16:52:26  INFO      src.scraping.x_crawler  Scraped 298 tweets for query '#Silver lang:en min_faves:100 since:2026-01-01'.
2026-07-13 16:52:29  INFO      src.scraping.x_crawler  New tweet 2076517718514168026 by @thesilverhermit (8999 followers) — no cashtag
2026-07-13 16:52:33  INFO      src.scraping.x_crawler  New tweet 2076404297038762316 by @Jonh97381353 (659 followers) — no cashtag
2026-07-13 16:52:35  INFO      src.scraping.x_crawler  New tweet 2076370020893093905 by @Surendraanalyst (21000 followers) — no cashtag
2026-07-13 16:52:37  INFO      src.scraping.x_crawler  New tweet 2076319580679483793 by @thesilverhermit (8999 followers) — no cashtag
2026-07-13 16:52:41  INFO      src.scraping.x_crawler  New tweet 2076310342968180877 by @thesilverhermit (8999 followers) — no cashtag
2026-07-13 16:52:43  INFO      src.scraping.x_crawler  New tweet 2076265327030362595 by @8B4R0N355 (253 followers) — no cashtag
2026-07-13 16:52:45  INFO      src.scraping.x_crawler  New tweet 2076254307167470011 by @MBAeconomics1 (14500 followers) — no cashtag
2026-07-13 16:52:47  INFO      src.scraping.x_crawler  New tweet 2076079088918524113 by @noir_shinatra (177 followers) — no cashtag
2026-07-13 16:52:48  INFO      src.scraping.x_crawler  New tweet 2076046697839443979 by @Jonh97381353 (659 followers) — no cashtag
2026-07-13 16:52:51  INFO      src.scraping.x_crawler  New tweet 2076018686910177782 by @jessebday (18000 followers) — no cashtag
2026-07-13 16:52:53  INFO      src.scraping.x_crawler  New tweet 2075965596320067692 by @queen_bedazzle (1352 followers) — no cashtag
2026-07-13 16:52:56  INFO      src.scraping.x_crawler  New tweet 2075897040048193882 by @KingKong9888 (88800 followers) — no cashtag
2026-07-13 16:53:02  INFO      src.scraping.x_crawler  New tweet 2075781440076157083 by @GoldPredictors (29600 followers) — no cashtag
2026-07-13 16:53:04  INFO      src.scraping.x_crawler  New tweet 2075625718118224169 by @KingKong9888 (88800 followers) — no cashtag
2026-07-13 16:53:06  INFO      src.scraping.x_crawler  New tweet 2075621720501997887 by @KingKong9888 (88800 followers) — no cashtag
2026-07-13 16:53:12  INFO      src.scraping.x_crawler  New tweet 2075584403648979309 by @TheApeOfGoldST (22900 followers) — AGX
2026-07-13 16:53:12  INFO      src.scraping.x_crawler  Fetching AGX prices [2026-07-10T13:44:18+00:00 → 2026-07-10T16:14:18+00:00] for tweet 2075584403648979309
2026-07-13 16:53:12  INFO      src.scraping.x_crawler  Stored 106 price rows for tweet 2075584403648979309.
2026-07-13 16:53:30  INFO      src.scraping.x_crawler  New tweet 2075308746344185872 by @BostonBogey (2935 followers) — no cashtag
2026-07-13 17:24:37  INFO      src.scraping.x_crawler  Navigating to https://x.com/search?q=%23DefenseIndustry%20lang%3Aen%20min_faves%3A100%20since%3A2026-01-01&src=typed_query&f=live
2026-07-13 17:38:12  INFO      src.scraping.x_crawler  Scraped 2 tweets for query '#DefenseIndustry lang:en min_faves:100 since:2026-01-01'.
2026-07-13 17:38:18  INFO      src.scraping.x_crawler  Navigating to https://x.com/search?q=%23DefenseStocks%20lang%3Aen%20min_faves%3A100%20since%3A2026-01-01&src=typed_query&f=live
2026-07-13 17:38:50  WARNING   src.scraping.x_crawler  No tweets loaded for query '#DefenseStocks lang:en min_faves:100 since:2026-01-01'.
2026-07-13 17:38:50  WARNING   src.scraping.x_crawler  Page title: '(1) #DefenseStocks lang:en min_faves:100 since:2026-01-01 - Search / X' | URL: https://x.com/search?q=%23DefenseStocks%20lang%3Aen%20min_faves%3A100%20since%3A2026-01-01&src=typed_query&f=live
2026-07-13 17:38:51  WARNING   src.scraping.x_crawler  Screenshot saved to /tmp/x_debug.png
2026-07-13 17:39:06  INFO      src.scraping.x_crawler  Discovery complete — 173 new tweets stored.
2026-07-13 17:39:06  INFO      src.scraping.x_crawler  Starting polling loop (every 30 min, for 480 min window).
2026-07-13 17:44:52  INFO      src.scraping.x_crawler  Polling complete — 49 snapshots stored, 0 tweets skipped (low velocity).
2026-07-13 17:44:52  INFO      src.scraping.x_crawler  Sleeping 30 minutes until next poll…
